subject_id,chapter_title,order_index,tasks
2321c97a-7ff4-414f-8442-ca8634b0ff4a,"1: STRUCTURE OF CHROMOSOMES,CELL CYCLE AND CELL DIVISION",1,"textbook theory reading,revision (shortcut notes),DIAGRAM PRACTICE,TEXTBOOK QUESTIONS,DREAM 90 LWS,DREAM 90 MCQ'S, A&R, OBJECTIVES,PYQ - OBJECTIVE & SUBJECTIVE,DREAM 90 - SA - 20 MKS,RECTIFY MISTAKES & FINAL REVISION"
2321c97a-7ff4-414f-8442-ca8634b0ff4a,2: GENETICS,2,"CLASS NOTES,REVISE DEFINITIONS,Practice Monohybrid & dihybrid cross,PRACTICE WORD PROBLEMS (sex linked inheritence),DREAM 90 LWS,DREAM 90 MCQ'S, A&R, OBJECTIVES,PYQ - OBJECTIVE & SUBJECTIVE,DREAM 90 - SA - 20 MKS,RECTIFY MISTAKES & FINAL REVISION"
2321c97a-7ff4-414f-8442-ca8634b0ff4a,3: ABSORPTION BY ROOTS,3,"textbook theory reading,revision (shortcut notes),SOLVE GIVE REASONS,TEXTBOOK QUESTIONS,DREAM 90 LWS,DREAM 90 MCQ'S, A&R, OBJECTIVES,PYQ - OBJECTIVE & SUBJECTIVE,DREAM 90 - SA - 20 MKS,RECTIFY MISTAKES & FINAL REVISION"
2321c97a-7ff4-414f-8442-ca8634b0ff4a,4: TRANSPIRATION,4,"textbook theory reading,REVISE EXPERIMENTS,DIAGRAM PRACTICE,TEXTBOOK QUESTIONS,DREAM 90 LWS,DREAM 90 MCQ'S, A&R, OBJECTIVES,PYQ - OBJECTIVE & SUBJECTIVE,DREAM 90 - SA - 20 MKS,RECTIFY MISTAKES & FINAL REVISION"
2321c97a-7ff4-414f-8442-ca8634b0ff4a,5: PHOTOSYNTHESIS,5,"textbook theory reading,REVISE EXPERIMENTS,DIAGRAM PRACTICE,TEXTBOOK QUESTIONS,DREAM 90 LWS,DREAM 90 MCQ'S, A&R, OBJECTIVES,PYQ - OBJECTIVE & SUBJECTIVE,DREAM 90 - SA - 20 MKS,RECTIFY MISTAKES & FINAL REVISION"
2321c97a-7ff4-414f-8442-ca8634b0ff4a,6: CHEMICAL COORDINATION IN PLANTS,6,"textbook theory reading,Revise activities,revise textbook markings,TEXTBOOK QUESTIONS,DREAM 90 LWS,DREAM 90 MCQ'S, A&R, OBJECTIVES,PYQ - OBJECTIVE & SUBJECTIVE,DREAM 90 - SA - 20 MKS,RECTIFY MISTAKES & FINAL REVISION"
2321c97a-7ff4-414f-8442-ca8634b0ff4a,7: THE CIRCULATORY SYSTEM,7,"textbook theory reading,revision (shortcut notes),DIAGRAM PRACTICE,TEXTBOOK QUESTIONS,DREAM 90 LWS,DREAM 90 MCQ'S, A&R, OBJECTIVES,PYQ - OBJECTIVE & SUBJECTIVE,DREAM 90 - SA - 20 MKS,RECTIFY MISTAKES & FINAL REVISION"
2321c97a-7ff4-414f-8442-ca8634b0ff4a,8: THE EXCRETORY SYSTEM,8,"textbook theory reading,REVISE CLASS NOTES,DIAGRAM PRACTICE,TEXTBOOK QUESTIONS,DREAM 90 LWS,DREAM 90 MCQ'S, A&R, OBJECTIVES,PYQ - OBJECTIVE & SUBJECTIVE,DREAM 90 - SA - 20 MKS,RECTIFY MISTAKES & FINAL REVISION"
2321c97a-7ff4-414f-8442-ca8634b0ff4a,9: THE NERVOUS SYSTEM,9,"textbook theory reading,Textbook markings,DIAGRAM PRACTICE,TEXTBOOK QUESTIONS,DREAM 90 LWS,DREAM 90 MCQ'S, A&R, OBJECTIVES,PYQ - OBJECTIVE & SUBJECTIVE,DREAM 90 - SA - 20 MKS,RECTIFY MISTAKES & FINAL REVISION"
2321c97a-7ff4-414f-8442-ca8634b0ff4a,10: SENSE ORGANS,10,"textbook theory reading,revision (shortcut notes),DIAGRAM PRACTICE,TEXTBOOK QUESTIONS,DREAM 90 LWS,DREAM 90 MCQ'S, A&R, OBJECTIVES,PYQ - OBJECTIVE & SUBJECTIVE,DREAM 90 - SA - 20 MKS,RECTIFY MISTAKES & FINAL REVISION"
2321c97a-7ff4-414f-8442-ca8634b0ff4a,11: THE ENDOCRINE SYSTEM,11,"textbook theory reading,revision (shortcut notes),revise textbook markings,TEXTBOOK QUESTIONS,DREAM 90 LWS,DREAM 90 MCQ'S, A&R, OBJECTIVES,PYQ - OBJECTIVE & SUBJECTIVE,DREAM 90 - SA - 20 MKS,RECTIFY MISTAKES & FINAL REVISION"
2321c97a-7ff4-414f-8442-ca8634b0ff4a,12: THE REPRODUCTIVITY SYSTEM,12,"textbook theory reading,revise textbook markings,Diagrams & process practice,TEXTBOOK QUESTIONS,DREAM 90 LWS,DREAM 90 MCQ'S, A&R, OBJECTIVES,PYQ - OBJECTIVE & SUBJECTIVE,DREAM 90 - SA - 20 MKS,RECTIFY MISTAKES & FINAL REVISION"
2321c97a-7ff4-414f-8442-ca8634b0ff4a,13: HUMAN EVOLUTION,13,"textbook theory reading,revise textbook markings,SOLVE PYQ,TEXTBOOK QUESTIONS,DREAM 90 LWS,DREAM 90 MCQ'S, A&R, OBJECTIVES,PYQ - OBJECTIVE & SUBJECTIVE,DREAM 90 - SA - 20 MKS,RECTIFY MISTAKES & FINAL REVISION"
2321c97a-7ff4-414f-8442-ca8634b0ff4a,14: POPULATION- THE INCREASING NUMBERS & RISING PROBLEMS,14,"textbook theory reading,revise textbook markings,SOLVE PYQ,TEXTBOOK QUESTIONS,DREAM 90 LWS,DREAM 90 MCQ'S, A&R, OBJECTIVES,PYQ - OBJECTIVE & SUBJECTIVE,DREAM 90 - SA - 20 MKS,RECTIFY MISTAKES & FINAL REVISION"
2321c97a-7ff4-414f-8442-ca8634b0ff4a,15: POLLUTION - A RISING ENVIRONMENTAL PROBLEM,15,"textbook theory reading,revise textbook markings,SOLVE PYQ,TEXTBOOK QUESTIONS,DREAM 90 LWS,DREAM 90 MCQ'S, A&R, OBJECTIVES,PYQ - OBJECTIVE & SUBJECTIVE,DREAM 90 - SA - 20 MKS,RECTIFY MISTAKES & FINAL REVISION"
130e273a-1424-416c-81c1-bcd1ac33c03a,8: FUNDAMENTAL CONCEPTS OF COST,8,"READ CLASS NOTES,MAKE LIST OF ALL TRENDS AND EXCEPTIONS,SOLVE BOOK BACK QUESTIONS,SOLVE DREAM 90 LWS,DREAM 90 MCQ AND AR,DREAM 90 PP SUBJECTIVE,DREAM 90 PP MCQ,READ ALL DREAM 90 SOLVED QUESTIONS"
130e273a-1424-416c-81c1-bcd1ac33c03a,11: RECRUITMENT SELECTION AND TRAINING,11,"READ CLASS NOTES,DRAW ALL 10 STRUCTURES 3 TIMES,SOLVE BOOK BACK QUESTIONS,SOLVE DREAM 90 LWS,DREAM 90 MCQ AND AR,DREAM 90 PP SUBJECTIVE,DREAM 90 PP MCQ,READ ALL DREAM 90 SOLVED QUESTIONS"
c60c4ac3-a762-49d7-ab64-f128dbaf5f02,1: PERIODIC TABLE,1,"READ CLASS NOTES,WRITE ALL DEFINITIONS,SOLVE BOOK BACK QUESTIONS,SOLVE DREAM 90 LWS,DREAM 90 MCQ AND AR,DREAM 90 PP SUBJECTIVE,DREAM 90 PP MCQ,READ ALL DREAM 90 SOLVED QUESTIONS"
c60c4ac3-a762-49d7-ab64-f128dbaf5f02,2: CHEMICAL BONDING,2,"READ CLASS NOTES,WRITE TEST FOR EVERY ION ONCE,SOLVE BOOK BACK QUESTIONS,SOLVE DREAM 90 LWS,DREAM 90 MCQ AND AR,DREAM 90 PP SUBJECTIVE,DREAM 90 PP MCQ,READ ALL DREAM 90 SOLVED QUESTIONS"
c60c4ac3-a762-49d7-ab64-f128dbaf5f02,"3: ACID, BASES AND SALTS",3,"MAKE FORMULA LIST,SOLVE ALL TEXTBOOK SOLVED EXAMPLES,SOLVE BOOK BACK QUESTIONS,SOLVE DREAM 90 LWS,DREAM 90 MCQ AND AR,DREAM 90 PP SUBJECTIVE,DREAM 90 PP MCQ"
c60c4ac3-a762-49d7-ab64-f128dbaf5f02,4: ANALYTICAL CHEMISTRY,4,"READ CLASS NOTES,MAKE LIST OF ALL ELECTROLYSIS PROCESS WITH OBSERVATION AT ELECTRODES,SOLVE BOOK BACK QUESTIONS,SOLVE DREAM 90 LWS,DREAM 90 MCQ AND AR,DREAM 90 PP SUBJECTIVE,DREAM 90 PP MCQ"
c60c4ac3-a762-49d7-ab64-f128dbaf5f02,5: MOLE CONCEPT,5,"READ CLASS NOTES,PRACTISE REACTIONS OF BAYERS AND HALLS PROCESS,SOLVE BOOK BACK QUESTIONS,SOLVE DREAM 90 LWS,DREAM 90 MCQ AND AR,DREAM 90 PP SUBJECTIVE,DREAM 90 PP MCQ"
c60c4ac3-a762-49d7-ab64-f128dbaf5f02,6: ELECTROLYSIS,6,"READ CLASS NOTES,PRACTISE ALL REACTIONS 3 TIMES,SOLVE BOOK BACK QUESTIONS,SOLVE DREAM 90 LWS,DREAM 90 MCQ AND AR,DREAM 90 PP SUBJECTIVE,DREAM 90 PP MCQ"
c60c4ac3-a762-49d7-ab64-f128dbaf5f02,7: METALLURGY,7,"READ CLASS NOTES,PRACTISE ALL REACTIONS 3 TIMES,SOLVE BOOK BACK QUESTIONS,SOLVE DREAM 90 LWS,DREAM 90 MCQ AND AR,DREAM 90 PP SUBJECTIVE,DREAM 90 PP MCQ"
c60c4ac3-a762-49d7-ab64-f128dbaf5f02,8: HYDROGEN CHLORIDE,8,"READ CLASS NOTES,PRACTISE ALL REACTIONS 3 TIMES,SOLVE BOOK BACK QUESTIONS,SOLVE DREAM 90 LWS,DREAM 90 MCQ AND AR,DREAM 90 PP SUBJECTIVE,DREAM 90 PP MCQ"
c60c4ac3-a762-49d7-ab64-f128dbaf5f02,9: AMMONIA,9,"READ CLASS NOTES,PRACTISE ALL REACTIONS 3 TIMES,SOLVE BOOK BACK QUESTIONS,SOLVE DREAM 90 LWS,DREAM 90 MCQ AND AR,DREAM 90 PP SUBJECTIVE,DREAM 90 PP MCQ"
c60c4ac3-a762-49d7-ab64-f128dbaf5f02,10: NITRIC ACID,10,"MAKE LIST OF TRICIAL NAMES 3 TIMES,READ CLASS NOTES,PRACTISE ALL REACTIONS 3 TIMES,SOLVE BOOK BACK QUESTIONS,SOLVE DREAM 90 LWS,DREAM 90 MCQ AND AR,DREAM 90 PP SUBJECTIVE,DREAM 90 PP MCQ"
c60c4ac3-a762-49d7-ab64-f128dbaf5f02,11: SULPHURIC ACID,11,"WRITE  ALL TESTS THREE TIMES,READ CLASS NOTES,SOLVE BOOK BACK QUESTIONS,SOLVE DREAM 90 LWS,DREAM 90 MCQ AND AR,DREAM 90 PP SUBJECTIVE,DREAM 90 PP MCQ,READ ALL DREAM 90 SOLVED QUESTIONS"
c60c4ac3-a762-49d7-ab64-f128dbaf5f02,12: ORGANIC CHEMISTRY,12,"Read textbook markings,Revision for weekly test,Revision for Class Prelim,Revision for School test"
c60c4ac3-a762-49d7-ab64-f128dbaf5f02,13: PRACTICAL CHEMISTRY,13,"Read textbook markings,Revision for weekly test,Revision for Class Prelim,Revision for School test"
65d1592a-2fff-43a2-b6fe-9bf759e71db9,1: STAKEHOLDERS IN COMMERCIAL ORGANISATIONS,1,"Read textbook markings,Revision for weekly test,Revision for Class Prelim,Revision for School test"
65d1592a-2fff-43a2-b6fe-9bf759e71db9,2: MARKETING AND SALES,2,"Read textbook markings,Revision for weekly test,Revision for Class Prelim,Revision for School test"
65d1592a-2fff-43a2-b6fe-9bf759e71db9,3: ADVERTISING AND SALES PROMOTION,3,"Read textbook markings,Revision for weekly test,Revision for Class Prelim,Revision for School test"
65d1592a-2fff-43a2-b6fe-9bf759e71db9,4: CONSUMER PROTECTION,4,"Read textbook markings,Revision for weekly test,Revision for Class Prelim,Revision for School test"
65d1592a-2fff-43a2-b6fe-9bf759e71db9,5: E-COMMERCE,5,"Solve Classwork questions,Solve Homework questions,Solve Extra questions,Revisit all the questions covered earlier"
65d1592a-2fff-43a2-b6fe-9bf759e71db9,6: CAPITAL AND REVENUE EXPENDITURE&INCOME,6,"Read textbook markings,Revision for weekly test,Revision for Class Prelim,Revision for School test"
65d1592a-2fff-43a2-b6fe-9bf759e71db9,7: FINAL ACCOUNTS OF SOLE PROPRIETORSHIP,7,"Read textbook markings,Revision for weekly test,Revision for Class Prelim,Revision for School test"
65d1592a-2fff-43a2-b6fe-9bf759e71db9,8: FUNDAMENTAL CONCEPTS OF COST,8,"Read textbook markings,Revision for weekly test,Revision for Class Prelim,Revision for School test"
65d1592a-2fff-43a2-b6fe-9bf759e71db9,9: BUDGETING,9,"Read textbook markings,Revision for weekly test,Revision for Class Prelim,Revision for School test"
65d1592a-2fff-43a2-b6fe-9bf759e71db9,10: SOURCES OF FINANCE,10,"Read textbook markings,Revision for weekly test,Revision for Class Prelim,Revision for School test"
65d1592a-2fff-43a2-b6fe-9bf759e71db9,11: RECRUITMENT SELECTION AND TRAINING,11,"Read textbook markings,Revision for weekly test,Revision for Class Prelim,Revision for School test"
65d1592a-2fff-43a2-b6fe-9bf759e71db9,"12: INDUSTRIAL RELATIONS, TRADE UNIONS AND SOCIAL SECURITY",12,"Read textbook markings,Revision for weekly test,Revision for Class Prelim,Revision for School test"
65d1592a-2fff-43a2-b6fe-9bf759e71db9,13: LOGISTICS AND INSURANCE,13,"Read textbook markings,Revision for weekly test,Revision for Class Prelim,Revision for School test"
65d1592a-2fff-43a2-b6fe-9bf759e71db9,14: BANKING,14,"TEXTBOOK READING,Refer to the Notes Given during the lectures,Solve MCQ & Questions Given In Text Book,Study all the questions for the chapter,SOLVE WORKSHEET GIVEN IN CLASS,Revise the chapter and provide orals to Parents"
65d1592a-2fff-43a2-b6fe-9bf759e71db9,15: STRIVING FOR BETTER ENVIRONMENT,15,"TEXTBOOK READING,Refer to the Notes Given during the lectures,Solve MCQ & Questions Given In Text Book,Study all the questions for the chapter,SOLVE WORKSHEET GIVEN IN CLASS,Revise the chapter and provide orals to Parents"
83008b2d-750a-48da-a7d3-4a9b204bfcff,1: FACTORS OF PRODUCTION,1,"TEXTBOOK READING,Refer to the Notes Given during the lectures,Solve MCQ & Questions Given In Text Book,Study all the questions for the chapter,SOLVE WORKSHEET GIVEN IN CLASS,Revise the chapter and provide orals to Parents"
83008b2d-750a-48da-a7d3-4a9b204bfcff,2: ELEMENTARY THEORY OF DEMAND,2,"TEXTBOOK READING,Refer to the Notes Given during the lectures,Solve MCQ & Questions Given In Text Book,Study all the questions for the chapter,SOLVE WORKSHEET GIVEN IN CLASS,Revise the chapter and provide orals to Parents"
83008b2d-750a-48da-a7d3-4a9b204bfcff,3: ELASTICITY OF DEMAND,3,"TEXTBOOK READING,Refer to the Notes Given during the lectures,Solve MCQ & Questions Given In Text Book,Study all the questions for the chapter,SOLVE WORKSHEET GIVEN IN CLASS,Revise the chapter and provide orals to Parents"
83008b2d-750a-48da-a7d3-4a9b204bfcff,4: THEORY OF SUPPLY,4,"TEXTBOOK READING,Refer to the Notes Given during the lectures,Solve MCQ & Questions Given In Text Book,Study all the questions for the chapter,SOLVE WORKSHEET GIVEN IN CLASS,Revise the chapter and provide orals to Parents"
83008b2d-750a-48da-a7d3-4a9b204bfcff,5: MEANING AND TYPES OF MARKET,5,"TEXTBOOK READING,Refer to the Notes Given during the lectures,Solve MCQ & Questions Given In Text Book,Study all the questions for the chapter,SOLVE WORKSHEET GIVEN IN CLASS,Revise the chapter and provide orals to Parents"
83008b2d-750a-48da-a7d3-4a9b204bfcff,6: MEANING AND FUNCTION OF MONEY,6,"TEXTBOOK READING,Refer to the Notes Given during the lectures,Solve MCQ & Questions Given In Text Book,Study all the questions for the chapter,SOLVE WORKSHEET GIVEN IN CLASS,Revise the chapter and provide orals to Parents"
83008b2d-750a-48da-a7d3-4a9b204bfcff,7: COMMERCIAL BANK,7,"TEXTBOOK READING,Refer to the Notes Given during the lectures,Solve MCQ & Questions Given In Text Book,Study all the questions for the chapter,SOLVE WORKSHEET GIVEN IN CLASS,Revise the chapter and provide orals to Parents"
83008b2d-750a-48da-a7d3-4a9b204bfcff,8: CENTRAL BANK,8,"TEXTBOOK READING,Refer to the Notes Given during the lectures,Solve MCQ & Questions Given In Text Book,Study all the questions for the chapter,SOLVE WORKSHEET GIVEN IN CLASS,Revise the chapter and provide orals to Parents"
83008b2d-750a-48da-a7d3-4a9b204bfcff,9: INTRODUCTION TO PUBLIC FINANCE,9,"TEXTBOOK READING,Refer to the Notes Given during the lectures,Solve MCQ & Questions Given In Text Book,Study all the questions for the chapter,SOLVE WORKSHEET GIVEN IN CLASS,Revise the chapter and provide orals to Parents"
83008b2d-750a-48da-a7d3-4a9b204bfcff,10: PUBLIC REVENUE,10,"TEXTBOOK READING,Refer to the Notes Given during the lectures,Solve MCQ & Questions Given In Text Book,Study all the questions for the chapter,SOLVE WORKSHEET GIVEN IN CLASS,Revise the chapter and provide orals to Parents"
83008b2d-750a-48da-a7d3-4a9b204bfcff,11: PUBLIC EXPENDITURE,11,"TEXTBOOK READING,Refer to the Notes Given during the lectures,Solve MCQ & Questions Given In Text Book,Study all the questions for the chapter,SOLVE WORKSHEET GIVEN IN CLASS,Revise the chapter and provide orals to Parents"
83008b2d-750a-48da-a7d3-4a9b204bfcff,12: PUBLIC DEBT,12,"TEXTBOOK READING,Refer to the Notes Given during the lectures,Solve MCQ & Questions Given In Text Book,Study all the questions for the chapter,SOLVE WORKSHEET GIVEN IN CLASS,Revise the chapter and provide orals to Parents"
83008b2d-750a-48da-a7d3-4a9b204bfcff,13: INFLATION,13,"ONLY PRACTISE,ONLY PRACTISE,ONLY PRACTISE,ONLY PRACTISE,ONLY PRACTISE,ONLY PRACTISE,ONLY PRACTISE"
83008b2d-750a-48da-a7d3-4a9b204bfcff,14: CONSUMER AWARENESS,14,"ONLY PRACTISE,ONLY PRACTISE,ONLY PRACTISE,ONLY PRACTISE,ONLY PRACTISE,ONLY PRACTISE,ONLY PRACTISE"
b16ad68f-debe-479b-a009-444282413ff3,1: INTERPRETATION OF TOPOGRAPHICAL MAPS,1,"TEXTBOOK READING,TEXTUAL QUESTION,DREAM 90 GIVE REAOSNS + MCQ,DREAM 90 ALL REMAINING QUESTIONS,DREAK 90 LW,DREAM 90 TEST PAPER,PY QUESTIONS"
b16ad68f-debe-479b-a009-444282413ff3,2: MAP OF INDIA,2,"TEXTBOOK READING,TEXTUAL QUESTION,DREAM 90 GIVE REAOSNS + MCQ,DREAM 90 ALL REMAINING QUESTIONS,DREAK 90 LW,DREAM 90 TEST PAPER,PY QUESTIONS"
b16ad68f-debe-479b-a009-444282413ff3,3: CLIMATE,3,"TEXTBOOK READING,TEXTUAL QUESTION,DREAM 90 GIVE REAOSNS + MCQ,DREAM 90 ALL REMAINING QUESTIONS,DREAK 90 LW,DREAM 90 TEST PAPER,PY QUESTIONS"
b16ad68f-debe-479b-a009-444282413ff3,4: SOIL RESOURCES,4,"TEXTBOOK READING,TEXTUAL QUESTION,DREAM 90 GIVE REAOSNS + MCQ,DREAM 90 ALL REMAINING QUESTIONS,DREAK 90 LW,DREAM 90 TEST PAPER,PY QUESTIONS"
b16ad68f-debe-479b-a009-444282413ff3,5: NATURAL VEGETATION,5,"TEXTBOOK READING,TEXTUAL QUESTION,DREAM 90 GIVE REAOSNS + MCQ,DREAM 90 ALL REMAINING QUESTIONS,DREAK 90 LW,DREAM 90 TEST PAPER,PY QUESTIONS"
b16ad68f-debe-479b-a009-444282413ff3,6: WATER RESOURCES,6,"TEXTBOOK READING,TEXTUAL QUESTION,DREAM 90 GIVE REAOSNS + MCQ,DREAM 90 ALL REMAINING QUESTIONS,DREAK 90 LW,DREAM 90 TEST PAPER,PY QUESTIONS"
b16ad68f-debe-479b-a009-444282413ff3,7: MINERAL RESOURCES,7,"TEXTBOOK READING,TEXTUAL QUESTION,DREAM 90 GIVE REAOSNS + MCQ,DREAM 90 ALL REMAINING QUESTIONS,DREAK 90 LW,DREAM 90 TEST PAPER,PY QUESTIONS"
b16ad68f-debe-479b-a009-444282413ff3,8: CONVENTIONAL SOURCES OF ENERGY,8,"TEXTBOOK READING,TEXTUAL QUESTION,DREAM 90 GIVE REAOSNS + MCQ,DREAM 90 ALL REMAINING QUESTIONS,DREAK 90 LW,DREAM 90 TEST PAPER,PY QUESTIONS"
b16ad68f-debe-479b-a009-444282413ff3,9: NON-CONVENTIONAL SOURCES OF ENERGY,9,"TEXTBOOK READING,TEXTUAL QUESTION,DREAM 90 GIVE REAOSNS + MCQ,DREAM 90 ALL REMAINING QUESTIONS,DREAK 90 LW,DREAM 90 TEST PAPER,PY QUESTIONS"
b16ad68f-debe-479b-a009-444282413ff3,10: AGRICULTURE-I,10,"TEXTBOOK READING,TEXTUAL QUESTION,DREAM 90 GIVE REAOSNS + MCQ,DREAM 90 ALL REMAINING QUESTIONS,DREAK 90 LW,DREAM 90 TEST PAPER,PY QUESTIONS"
b16ad68f-debe-479b-a009-444282413ff3,11: AGRICULTURE-II : FOOD CROPS,11,"TEXTBOOK READING,TEXTUAL QUESTION,DREAM 90 GIVE REAOSNS + MCQ,DREAM 90 ALL REMAINING QUESTIONS,DREAK 90 LW,DREAM 90 TEST PAPER,PY QUESTIONS"
b16ad68f-debe-479b-a009-444282413ff3,12: AGRICULTURE-III : CASH CROPS (1),12,"TEXTBOOK READING,TEXTUAL QUESTION,DREAM 90 GIVE REAOSNS + MCQ,DREAM 90 ALL REMAINING QUESTIONS,DREAK 90 LW,DREAM 90 TEST PAPER,PY QUESTIONS"
b16ad68f-debe-479b-a009-444282413ff3,13: AGRICULTURE-IV : CASH CROPS (2),13,"TEXTBOOK READING,TEXTUAL QUESTION,DREAM 90 GIVE REAOSNS + MCQ,DREAM 90 ALL REMAINING QUESTIONS,DREAK 90 LW,DREAM 90 TEST PAPER,PY QUESTIONS"
b16ad68f-debe-479b-a009-444282413ff3,14: MANUFACTURING INDUSTRIES AGRO- BASED,14,"TEXTBOOK READING,TEXTUAL QUESTION,DREAM 90 GIVE REAOSNS + MCQ,DREAM 90 ALL REMAINING QUESTIONS,DREAK 90 LW,DREAM 90 TEST PAPER,PY QUESTIONS"
b16ad68f-debe-479b-a009-444282413ff3,15: MINERAL BASED INDUSTRY,15,"TEXTBOOK READING,TEXTUAL QUESTION,DREAM 90 GIVE REAOSNS + MCQ,DREAM 90 ALL REMAINING QUESTIONS,DREAK 90 LW,DREAM 90 TEST PAPER,PY QUESTIONS"
b16ad68f-debe-479b-a009-444282413ff3,16: TRANSPORT,16,"TEXTBOOK READING,TEXTUAL QUESTION,DREAM 90 GIVE REAOSNS + MCQ,DREAM 90 ALL REMAINING QUESTIONS,DREAK 90 LW,DREAM 90 TEST PAPER,PY QUESTIONS"
b16ad68f-debe-479b-a009-444282413ff3,17: IMPACT OF WASTE ACCUMULATION,17,"TEXTBOOK READING,TEXTUAL QUESTION,DREAM 90 MCQ,DREAM 90 2 MARK QUESTION,DREAM 90 SOLVE 10 MARK BRIEF QUESTION,DREAK 90 LW,DREAM 90 TEST PAPER"
b16ad68f-debe-479b-a009-444282413ff3,18: NEED FOR WASTE MANAGEMENT,18,"TEXTBOOK READING,TEXTUAL QUESTION,DREAM 90 MCQ,DREAM 90 2 MARK QUESTION,DREAM 90 SOLVE 10 MARK BRIEF QUESTION,DREAK 90 LW,DREAM 90 TEST PAPER"
7e4d8777-ce8c-4c04-9bd8-9abf4a5f9cc4,2: FORMAL & INFORMAL LETTER WRITING,2,"TEXTBOOK READING,TEXTUAL QUESTION,DREAM 90 MCQ,DREAM 90 2 MARK QUESTION,DREAM 90 SOLVE 10 MARK BRIEF QUESTION,DREAK 90 LW,DREAM 90 TEST PAPER"
c948f97c-5086-4252-b1ea-dec6a3f299a3,"1: THE FIRST WAR IF INDEPENDENCE,1857",1,"TEXTBOOK READING,TEXTUAL QUESTION,DREAM 90 MCQ,DREAM 90 2 MARK QUESTION,DREAM 90 SOLVE 10 MARK BRIEF QUESTION,DREAK 90 LW,DREAM 90 TEST PAPER"
c948f97c-5086-4252-b1ea-dec6a3f299a3,2: GROWTH OF NATIONALISM,2,"TEXTBOOK READING,TEXTUAL QUESTION,DREAM 90 MCQ,DREAM 90 2 MARK QUESTION,DREAM 90 SOLVE 10 MARK BRIEF QUESTION,DREAK 90 LW,DREAM 90 TEST PAPER"
c948f97c-5086-4252-b1ea-dec6a3f299a3,3: FIRST PHASE OF THE INDIAN NATIONAL MOVEMENT,3,"TEXTBOOK READING,TEXTUAL QUESTION,DREAM 90 MCQ,DREAM 90 2 MARK QUESTION,DREAM 90 SOLVE 10 MARK BRIEF QUESTION,DREAK 90 LW,DREAM 90 TEST PAPER"
c948f97c-5086-4252-b1ea-dec6a3f299a3,4: SECOND PHASE OF THE INDIAN NATIONAL MOVEMENT,4,"TEXTBOOK READING,TEXTUAL QUESTION,DREAM 90 MCQ,DREAM 90 2 MARK QUESTION,DREAM 90 SOLVE 10 MARK BRIEF QUESTION,DREAK 90 LW,DREAM 90 TEST PAPER"
c948f97c-5086-4252-b1ea-dec6a3f299a3,5: THE MUSLIM LEAGUE,5,"TEXTBOOK READING,TEXTUAL QUESTION,DREAM 90 MCQ,DREAM 90 2 MARK QUESTION,DREAM 90 SOLVE 10 MARK BRIEF QUESTION,DREAK 90 LW,DREAM 90 TEST PAPER"
c948f97c-5086-4252-b1ea-dec6a3f299a3,6: MAHATMA GANDHI,6,"TEXTBOOK READING,TEXTUAL QUESTION,DREAM 90 MCQ,DREAM 90 2 MARK QUESTION,DREAM 90 SOLVE 10 MARK BRIEF QUESTION,DREAK 90 LW,DREAM 90 TEST PAPER"
c948f97c-5086-4252-b1ea-dec6a3f299a3,7: QUIT INDIA MOVEMENT,7,"TEXTBOOK READING,TEXTUAL QUESTION,DREAM 90 MCQ,DREAM 90 2 MARK QUESTION,DREAM 90 SOLVE 10 MARK BRIEF QUESTION,DREAK 90 LW,DREAM 90 TEST PAPER"
c948f97c-5086-4252-b1ea-dec6a3f299a3,8: FORWARD BLOC AND THE INA,8,"TEXTBOOK READING,TEXTUAL QUESTION,DREAM 90 MCQ,DREAM 90 2 MARK QUESTION,DREAM 90 SOLVE 10 MARK BRIEF QUESTION,DREAK 90 LW,DREAM 90 TEST PAPER"
c948f97c-5086-4252-b1ea-dec6a3f299a3,9: INDEPENDENCE AND PARTITION OF INDIA,9,"TEXTBOOK READING,TEXTUAL QUESTION,DREAM 90 MCQ,DREAM 90 2 MARK QUESTION,DREAM 90 SOLVE 10 MARK BRIEF QUESTION,DREAK 90 LW,DREAM 90 TEST PAPER"
c948f97c-5086-4252-b1ea-dec6a3f299a3,10: THE FIRST WORLD WAR,10,"TEXTBOOK READING,TEXTUAL QUESTION,DREAM 90 MCQ,DREAM 90 2 MARK QUESTION,DREAM 90 SOLVE 10 MARK BRIEF QUESTION,DREAK 90 LW,DREAM 90 TEST PAPER"
c948f97c-5086-4252-b1ea-dec6a3f299a3,11: RISE OF DICTATORSHIP,11,"TEXTBOOK READING,TEXTUAL QUESTION,DREAM 90 MCQ,DREAM 90 2 MARK QUESTION,DREAM 90 SOLVE 10 MARK BRIEF QUESTION,DREAK 90 LW,DREAM 90 TEST PAPER"
c948f97c-5086-4252-b1ea-dec6a3f299a3,12: THE SECOND WORLD WAR,12,"TEXTBOOK READING,TEXTUAL QUESTION,DREAM 90 MCQ,DREAM 90 2 MARK QUESTION,DREAM 90 SOLVE 10 MARK BRIEF QUESTION,DREAK 90 LW,DREAM 90 TEST PAPER"
c948f97c-5086-4252-b1ea-dec6a3f299a3,13: UNITED NATIONS,13,"TEXTBOOK READING,TEXTUAL QUESTION,DREAM 90 MCQ,DREAM 90 2 MARK QUESTION,DREAM 90 SOLVE 10 MARK BRIEF QUESTION,DREAK 90 LW,DREAM 90 TEST PAPER"
c948f97c-5086-4252-b1ea-dec6a3f299a3,14: MAJOR AGENCIES OF THE UNITED NATIONS,14,"TEXTBOOK READING,TEXTUAL QUESTION,DREAM 90 MCQ,DREAM 90 2 MARK QUESTION,DREAM 90 SOLVE 10 MARK BRIEF QUESTION,DREAK 90 LW,DREAM 90 TEST PAPER"
c948f97c-5086-4252-b1ea-dec6a3f299a3,15: NON-ALIGNED MOVEMENT,15,"TEXTBOOK READING,TEXTUAL QUESTION,DREAM 90 MCQ,DREAM 90 2 MARK QUESTION,DREAM 90 SOLVE 10 MARK BRIEF QUESTION,DREAK 90 LW,DREAM 90 TEST PAPER"
c948f97c-5086-4252-b1ea-dec6a3f299a3,16: THE UNION PARLIAMENT,16,"TEXTBOOK READING,TEXTUAL QUESTION,DREAM 90 MCQ,DREAM 90 2 MARK QUESTION,DREAM 90 SOLVE 10 MARK BRIEF QUESTION,DREAK 90 LW,DREAM 90 TEST PAPER"
c948f97c-5086-4252-b1ea-dec6a3f299a3,17: THE PRESIDENT AND VICE PRESIDENT,17,"TEXTBOOK READING,TEXTUAL QUESTION,DREAM 90 MCQ,DREAM 90 2 MARK QUESTION,DREAM 90 SOLVE 10 MARK BRIEF QUESTION,DREAK 90 LW,DREAM 90 TEST PAPER"
c948f97c-5086-4252-b1ea-dec6a3f299a3,18: PRIME MINISTER AND COUNCIL OF MINISTERS,18,"Write down Board Approved Format,Write down 2 Specimens and get it checked,Write 5 topics from Dream 90 to build confidence,Solve the questions from Board Papers,Solve similar questions from Total English,Solve all worksheets given by teacher"
c948f97c-5086-4252-b1ea-dec6a3f299a3,19: THE SUPREME COURT,19,"Write down Board Approved Format,Write down 2 Specimens and get it checked,Write 5 topics from Dream 90 to build confidence,Solve the questions from Board Papers,Solve similar questions from Total English,Solve all worksheets given by teacher"
c948f97c-5086-4252-b1ea-dec6a3f299a3,20: THE HIGH COURTS AND SUBORDINATE COURTS,20,"Understand the topic in class,Solve worksheets given by the teacher on the topic,Solve questions from Dream 90,Solve similar questions from Board Papers,Solve similar questions from Total English,Solve a mixed bag question set from Prelim Papers"
96b8754c-92a9-492d-a81e-7497608c926b,1: EMAIL & NOTICE WRITING,1,"Understand the topic in class,Solve worksheets given by the teacher on the topic,Solve questions from Dream 90,Solve similar questions from Board Papers,Solve similar questions from Total English,Solve a mixed bag question set from Prelim Papers"
96b8754c-92a9-492d-a81e-7497608c926b,2: FORMAL & INFORMAL LETTER WRITING,2,"Understand the topic in class,Solve worksheets given by the teacher on the topic,Solve questions from Dream 90,Solve similar questions from Board Papers,Solve similar questions from Total English,Solve a mixed bag question set from Prelim Papers"
96b8754c-92a9-492d-a81e-7497608c926b,3: SUBJECT VERB,3,"Understand the topic in class,Solve worksheets given by the teacher on the topic,Solve questions from Dream 90,Solve similar questions from Board Papers,Solve similar questions from Total English,Solve a mixed bag question set from Prelim Papers"
96b8754c-92a9-492d-a81e-7497608c926b,4: PREPOSITION,4,"Understand the topic in class,Solve worksheets given by the teacher on the topic,Solve questions from Dream 90,Solve similar questions from Board Papers,Solve similar questions from Total English,Solve a mixed bag question set from Prelim Papers"
96b8754c-92a9-492d-a81e-7497608c926b,5: PHOTOSYNTHESIS,5,"Understand the topic in class,Solve worksheets given by the teacher on the topic,Solve questions from Dream 90,Solve similar questions from Board Papers,Solve similar questions from Total English,Solve a mixed bag question set from Prelim Papers"
96b8754c-92a9-492d-a81e-7497608c926b,6: TRANSFORMATION OF SENTENCES,6,"Understand the topic in class,Solve worksheets given by the teacher on the topic,Solve questions from Dream 90,Solve similar questions from Board Papers,Solve similar questions from Total English,Solve a mixed bag question set from Prelim Papers"
96b8754c-92a9-492d-a81e-7497608c926b,7: NO SOONER … THAN,7,"Understand the topic in class,Solve worksheets given by the teacher on the topic,Solve questions from Dream 90,Solve similar questions from Board Papers,Solve similar questions from Total English,Solve a mixed bag question set from Prelim Papers"
96b8754c-92a9-492d-a81e-7497608c926b,8: HARDLY/ SCARCELY/ BARELY HAD … WHEN,8,"Understand the topic in class,Solve worksheets given by the teacher on the topic,Solve questions from Dream 90,Solve similar questions from Board Papers,Solve similar questions from Total English,Solve a mixed bag question set from Prelim Papers"
96b8754c-92a9-492d-a81e-7497608c926b,9: REMOVE ‘TOO’ AND ADD TOO,9,"Understand the topic in class,Solve worksheets given by the teacher on the topic,Solve questions from Dream 90,Solve similar questions from Board Papers,Solve similar questions from Total English,Solve a mixed bag question set from Prelim Papers"
96b8754c-92a9-492d-a81e-7497608c926b,10: IN SPITE/ DESPITE,10,"Understand the topic in class,Solve worksheets given by the teacher on the topic,Solve questions from Dream 90,Solve similar questions from Board Papers,Solve similar questions from Total English,Solve a mixed bag question set from Prelim Papers"
96b8754c-92a9-492d-a81e-7497608c926b,11: ASSERTIVE TO EXCLAMATORY AND VICE VERSA,11,"Understand the topic in class,Solve worksheets given by the teacher on the topic,Solve questions from Dream 90,Solve similar questions from Board Papers,Solve similar questions from Total English,Solve a mixed bag question set from Prelim Papers"
96b8754c-92a9-492d-a81e-7497608c926b,12: ASSERTIVE TO INTERROGATIVE AND VICE VERSA,12,"Understand the topic in class,Solve worksheets given by the teacher on the topic,Solve questions from Dream 90,Solve similar questions from Board Papers,Solve similar questions from Total English,Solve a mixed bag question set from Prelim Papers"
96b8754c-92a9-492d-a81e-7497608c926b,13: LEST….SHOULD AND ALL OTHER TYPES OF TRANSFORMATIONS,13,"Understand the topic in class,Solve worksheets given by the teacher on the topic,Solve questions from Dream 90,Solve similar questions from Board Papers,Solve similar questions from Total English,Solve a mixed bag question set from Prelim Papers"
96b8754c-92a9-492d-a81e-7497608c926b,14: ACTIVE PASSIVE VOICE,14,"Understand the topic in class,Solve worksheets given by the teacher on the topic,Solve questions from Dream 90,Solve similar questions from Board Papers,Solve similar questions from Total English,Solve a mixed bag question set from Prelim Papers"
96b8754c-92a9-492d-a81e-7497608c926b,15: DIRECT INDIRECT SPEECH,15,"Understand the topic in class,Solve worksheets given by the teacher on the topic,Solve questions from Dream 90,Solve similar questions from Board Papers,Solve similar questions from Total English,Solve a mixed bag question set from Prelim Papers"
96b8754c-92a9-492d-a81e-7497608c926b,16: WORD FORM,16,"Write down Board Approved Format,Write down 2 Specimens and get it checked,Solve topics from Dream 90,Solve similar questions from Board Papers,Solve similar questions from Total English,Solve Questions from Prelim Papers"
96b8754c-92a9-492d-a81e-7497608c926b,17: COMPREHENSION,17,"Write down Board Approved Format,Write down 2 Specimens and get it checked,Solve topics from Dream 90,Solve similar questions from Board Papers,Solve similar questions from Total English,Solve Questions from Prelim Papers"
96b8754c-92a9-492d-a81e-7497608c926b,18: DEGREES  OF COMPARISON,18,"Write down Board Approved Format,Write down 2 Specimens and get it checked,Solve topics from Dream 90,Solve similar questions from Board Papers,Solve similar questions from Total English,Solve Questions from Prelim Papers"
96b8754c-92a9-492d-a81e-7497608c926b,19: STORY WRITING,19,"Write down Board Approved Format,Write down 2 Specimens and get it checked,Solve topics from Dream 90,Solve similar questions from Board Papers,Solve similar questions from Total English,Solve Questions from Prelim Papers"
96b8754c-92a9-492d-a81e-7497608c926b,20: ARGUMENTATIVE ESSAY,20,"Write down Board Approved Format,Write down 2 Specimens and get it checked,Solve topics from Dream 90,Solve similar questions from Board Papers,Solve similar questions from Total English,Solve Questions from Prelim Papers"
96b8754c-92a9-492d-a81e-7497608c926b,21: DESCRIPTIVE ESSAY,21,"Understand the topic in class,Solve worksheets given by the teacher on the topic,Solve questions from Dream 90,Solve similar questions from Board Papers,Solve similar questions from Total English,Solve Questions from Prelim Papers"
96b8754c-92a9-492d-a81e-7497608c926b,22: NARRATIVE ESSAY,22,"Understand the topic in class,Solve worksheets given by the teacher on the topic,Solve questions from Dream 90,Solve similar questions from Board Papers,Solve similar questions from Total English,Solve Questions from Prelim Papers"
96b8754c-92a9-492d-a81e-7497608c926b,23: PICTURE COMPOSTION,23,"Understand the topic in class,Solve worksheets given by the teacher on the topic,Solve questions from Dream 90,Solve similar questions from Board Papers,Solve similar questions from Total English,Solve Questions from Prelim Papers"
96b8754c-92a9-492d-a81e-7497608c926b,24: ARTICLES,24,"MAKE SUMMARY OF CHAPTER,SOLVED EXAMPLE FROM TEXTBOOK,BOOK BACK QUESTIONS,SOLVE MISCELLENOUS AND BOARD QUESTIONS,SOLVE TEST PAPER 1,SOLVE TEST PAPER 2,SOLVE TEST PAPER 3,SOLVE TEST PAPER 4,SOLVE TEST PAPER 5,DO ALL MCQ AND AR FROM D90,SOLVE MCQ PRACTISE PAPER"
96b8754c-92a9-492d-a81e-7497608c926b,25: TENSES,25,"MAKE SUMMARY OF CHAPTER,SOLVED EXAMPLE FROM TEXTBOOK,BOOK BACK QUESTIONS,SOLVE MISCELLENOUS AND BOARD QUESTIONS,SOLVE TEST PAPER 1,SOLVE TEST PAPER 2,SOLVE TEST PAPER 3,SOLVE TEST PAPER 4,SOLVE TEST PAPER 5,DO ALL MCQ AND AR FROM D90,SOLVE MCQ PRACTISE PAPER"
96b8754c-92a9-492d-a81e-7497608c926b,26: GRID WRITNG,26,"MAKE SUMMARY OF CHAPTER,SOLVED EXAMPLE FROM TEXTBOOK,BOOK BACK QUESTIONS,SOLVE MISCELLENOUS AND BOARD QUESTIONS,SOLVE TEST PAPER 1,SOLVE TEST PAPER 2,SOLVE TEST PAPER 3,SOLVE TEST PAPER 4,SOLVE TEST PAPER 5,DO ALL MCQ AND AR FROM D90,SOLVE MCQ PRACTISE PAPER"
49a2b95f-76d9-4a69-9801-2ec82fa6636c,1: GOODS AND SERVICE TAX,1,"MAKE SUMMARY OF CHAPTER,SOLVED EXAMPLE FROM TEXTBOOK,BOOK BACK QUESTIONS,SOLVE MISCELLENOUS AND BOARD QUESTIONS,SOLVE TEST PAPER 1,SOLVE TEST PAPER 2,SOLVE TEST PAPER 3,SOLVE TEST PAPER 4,SOLVE TEST PAPER 5,DO ALL MCQ AND AR FROM D90,SOLVE MCQ PRACTISE PAPER"
49a2b95f-76d9-4a69-9801-2ec82fa6636c,14: BANKING,14,"MAKE SUMMARY OF CHAPTER,SOLVED EXAMPLE FROM TEXTBOOK,BOOK BACK QUESTIONS,SOLVE MISCELLENOUS AND BOARD QUESTIONS,SOLVE TEST PAPER 1,SOLVE TEST PAPER 2,SOLVE TEST PAPER 3,SOLVE TEST PAPER 4,SOLVE TEST PAPER 5,DO ALL MCQ AND AR FROM D90,SOLVE MCQ PRACTISE PAPER"
49a2b95f-76d9-4a69-9801-2ec82fa6636c,3: SHARES AND DIVIDENDS,3,"MAKE SUMMARY OF CHAPTER,SOLVED EXAMPLE FROM TEXTBOOK,BOOK BACK QUESTIONS,SOLVE MISCELLENOUS AND BOARD QUESTIONS,SOLVE TEST PAPER 1,SOLVE TEST PAPER 2,SOLVE TEST PAPER 3,SOLVE TEST PAPER 4,SOLVE TEST PAPER 5,DO ALL MCQ AND AR FROM D90,SOLVE MCQ PRACTISE PAPER"
49a2b95f-76d9-4a69-9801-2ec82fa6636c,4: LINEAR INEQUALITIES,4,"MAKE SUMMARY OF CHAPTER,SOLVED EXAMPLE FROM TEXTBOOK,BOOK BACK QUESTIONS,SOLVE MISCELLENOUS AND BOARD QUESTIONS,SOLVE TEST PAPER 1,SOLVE TEST PAPER 2,SOLVE TEST PAPER 3,SOLVE TEST PAPER 4,SOLVE TEST PAPER 5,DO ALL MCQ AND AR FROM D90,SOLVE MCQ PRACTISE PAPER"
49a2b95f-76d9-4a69-9801-2ec82fa6636c,5: QUADRATIC EQUATIONS,5,"MAKE SUMMARY OF CHAPTER,SOLVED EXAMPLE FROM TEXTBOOK,BOOK BACK QUESTIONS,SOLVE MISCELLENOUS AND BOARD QUESTIONS,SOLVE TEST PAPER 1,SOLVE TEST PAPER 2,SOLVE TEST PAPER 3,SOLVE TEST PAPER 4,SOLVE TEST PAPER 5,DO ALL MCQ AND AR FROM D90,SOLVE MCQ PRACTISE PAPER"
49a2b95f-76d9-4a69-9801-2ec82fa6636c,6: SOLVING PROBLEM QUADRATIC EQUATIONS,6,"MAKE SUMMARY OF CHAPTER,SOLVED EXAMPLE FROM TEXTBOOK,BOOK BACK QUESTIONS,SOLVE MISCELLENOUS AND BOARD QUESTIONS,SOLVE TEST PAPER 1,SOLVE TEST PAPER 2,SOLVE TEST PAPER 3,SOLVE TEST PAPER 4,SOLVE TEST PAPER 5,DO ALL MCQ AND AR FROM D90,SOLVE MCQ PRACTISE PAPER"
49a2b95f-76d9-4a69-9801-2ec82fa6636c,7: RATIO AND PROPORTION,7,"MAKE SUMMARY OF CHAPTER,SOLVED EXAMPLE FROM TEXTBOOK,BOOK BACK QUESTIONS,SOLVE MISCELLENOUS AND BOARD QUESTIONS,SOLVE TEST PAPER 1,SOLVE TEST PAPER 2,SOLVE TEST PAPER 3,SOLVE TEST PAPER 4,SOLVE TEST PAPER 5,DO ALL MCQ AND AR FROM D90,SOLVE MCQ PRACTISE PAPER"
49a2b95f-76d9-4a69-9801-2ec82fa6636c,8: REMAINDER AND FACTOR THEOREM (FACTORISATION  OF POLYNOMIAL),8,"MAKE SUMMARY OF CHAPTER,SOLVED EXAMPLE FROM TEXTBOOK,BOOK BACK QUESTIONS,SOLVE MISCELLENOUS AND BOARD QUESTIONS,SOLVE TEST PAPER 1,SOLVE TEST PAPER 2,SOLVE TEST PAPER 3,SOLVE TEST PAPER 4,SOLVE TEST PAPER 5,DO ALL MCQ AND AR FROM D90,SOLVE MCQ PRACTISE PAPER"
49a2b95f-76d9-4a69-9801-2ec82fa6636c,9: MATRICES,9,"MAKE SUMMARY OF CHAPTER,SOLVED EXAMPLE FROM TEXTBOOK,BOOK BACK QUESTIONS,SOLVE MISCELLENOUS AND BOARD QUESTIONS,SOLVE TEST PAPER 1,SOLVE TEST PAPER 2,SOLVE TEST PAPER 3,SOLVE TEST PAPER 4,SOLVE TEST PAPER 5,DO ALL MCQ AND AR FROM D90,SOLVE MCQ PRACTISE PAPER"
49a2b95f-76d9-4a69-9801-2ec82fa6636c,10: ARITHMETIC  PROGRESSION,10,"MAKE SUMMARY OF CHAPTER,SOLVED EXAMPLE FROM TEXTBOOK,BOOK BACK QUESTIONS,SOLVE MISCELLENOUS AND BOARD QUESTIONS,SOLVE TEST PAPER 1,SOLVE TEST PAPER 2,SOLVE TEST PAPER 3,SOLVE TEST PAPER 4,SOLVE TEST PAPER 5,DO ALL MCQ AND AR FROM D90,SOLVE MCQ PRACTISE PAPER"
49a2b95f-76d9-4a69-9801-2ec82fa6636c,11: GEOMETRIC PROGRESSION,11,"MAKE SUMMARY OF CHAPTER,SOLVED EXAMPLE FROM TEXTBOOK,BOOK BACK QUESTIONS,SOLVE MISCELLENOUS AND BOARD QUESTIONS,SOLVE TEST PAPER 1,SOLVE TEST PAPER 2,SOLVE TEST PAPER 3,SOLVE TEST PAPER 4,SOLVE TEST PAPER 5,DO ALL MCQ AND AR FROM D90,SOLVE MCQ PRACTISE PAPER"
49a2b95f-76d9-4a69-9801-2ec82fa6636c,12: REFLECTION,12,"MAKE SUMMARY OF CHAPTER,SOLVED EXAMPLE FROM TEXTBOOK,BOOK BACK QUESTIONS,SOLVE MISCELLENOUS AND BOARD QUESTIONS,SOLVE TEST PAPER 1,SOLVE TEST PAPER 2,SOLVE TEST PAPER 3,SOLVE TEST PAPER 4,SOLVE TEST PAPER 5,DO ALL MCQ AND AR FROM D90,SOLVE MCQ PRACTISE PAPER"
49a2b95f-76d9-4a69-9801-2ec82fa6636c,13: SECTION  AND MID POINT FORMULA,13,"MAKE SUMMARY OF CHAPTER,SOLVED EXAMPLE FROM TEXTBOOK,BOOK BACK QUESTIONS,SOLVE MISCELLENOUS AND BOARD QUESTIONS,SOLVE TEST PAPER 1,SOLVE TEST PAPER 2,SOLVE TEST PAPER 3,SOLVE TEST PAPER 4,SOLVE TEST PAPER 5,DO ALL MCQ AND AR FROM D90,SOLVE MCQ PRACTISE PAPER"
49a2b95f-76d9-4a69-9801-2ec82fa6636c,14: EQUATION OF A STRAIGHT LINE,14,"MAKE SUMMARY OF CHAPTER,SOLVED EXAMPLE FROM TEXTBOOK,BOOK BACK QUESTIONS,SOLVE MISCELLENOUS AND BOARD QUESTIONS,SOLVE TEST PAPER 1,SOLVE TEST PAPER 2,SOLVE TEST PAPER 3,SOLVE TEST PAPER 4,SOLVE TEST PAPER 5,DO ALL MCQ AND AR FROM D90,SOLVE MCQ PRACTISE PAPER"
49a2b95f-76d9-4a69-9801-2ec82fa6636c,15: SIMILARITY,15,"SOLVED EXAMPLE FROM TEXTBOOK,BOOK BACK QUESTIONS,SOLVE MISCELLENOUS AND BOARD QUESTIONS,SOLVE TEST PAPER 1,SOLVE TEST PAPER 2,SOLVE TEST PAPER 3,SOLVE TEST PAPER 4,SOLVE TEST PAPER 5,DO ALL MCQ AND AR FROM D90,SOLVE MCQ PRACTISE PAPER"
49a2b95f-76d9-4a69-9801-2ec82fa6636c,16: LOCUS,16,"MAKE SUMMARY OF CHAPTER,SOLVED EXAMPLE FROM TEXTBOOK,BOOK BACK QUESTIONS,SOLVE MISCELLENOUS AND BOARD QUESTIONS,SOLVE TEST PAPER 1,SOLVE TEST PAPER 2,SOLVE TEST PAPER 3,SOLVE TEST PAPER 4,SOLVE TEST PAPER 5,DO ALL MCQ AND AR FROM D90,SOLVE MCQ PRACTISE PAPER"
49a2b95f-76d9-4a69-9801-2ec82fa6636c,17: CIRCLES,17,"MAKE SUMMARY OF CHAPTER,SOLVED EXAMPLE FROM TEXTBOOK,BOOK BACK QUESTIONS,SOLVE MISCELLENOUS AND BOARD QUESTIONS,SOLVE TEST PAPER 1,SOLVE TEST PAPER 2,SOLVE TEST PAPER 3,SOLVE TEST PAPER 4,SOLVE TEST PAPER 5,DO ALL MCQ AND AR FROM D90,SOLVE MCQ PRACTISE PAPER"
49a2b95f-76d9-4a69-9801-2ec82fa6636c,18: CONSTRUCTIONS,18,"MAKE SUMMARY OF CHAPTER,SOLVED EXAMPLE FROM TEXTBOOK,BOOK BACK QUESTIONS,SOLVE MISCELLENOUS AND BOARD QUESTIONS,SOLVE TEST PAPER 1,SOLVE TEST PAPER 2,SOLVE TEST PAPER 3,SOLVE TEST PAPER 4,SOLVE TEST PAPER 5,DO ALL MCQ AND AR FROM D90,SOLVE MCQ PRACTISE PAPER"
49a2b95f-76d9-4a69-9801-2ec82fa6636c,19: MENSURATION,19,"MAKE SUMMARY OF CHAPTER,SOLVED EXAMPLE FROM TEXTBOOK,BOOK BACK QUESTIONS,SOLVE MISCELLENOUS AND BOARD QUESTIONS,SOLVE TEST PAPER 1,SOLVE TEST PAPER 2,SOLVE TEST PAPER 3,SOLVE TEST PAPER 4,SOLVE TEST PAPER 5,DO ALL MCQ AND AR FROM D90,SOLVE MCQ PRACTISE PAPER"
49a2b95f-76d9-4a69-9801-2ec82fa6636c,20: TRIGONOMETRY IDENTITIES,20,"MAKE SUMMARY OF CHAPTER,SOLVED EXAMPLE FROM TEXTBOOK,BOOK BACK QUESTIONS,SOLVE MISCELLENOUS AND BOARD QUESTIONS,SOLVE TEST PAPER 1,SOLVE TEST PAPER 2,SOLVE TEST PAPER 3,SOLVE TEST PAPER 4,SOLVE TEST PAPER 5,DO ALL MCQ AND AR FROM D90,SOLVE MCQ PRACTISE PAPER"
49a2b95f-76d9-4a69-9801-2ec82fa6636c,21: HIGHT & DISTANCE,21,"TEXTBOOK READING,TEXTBOOK SOLVED EXAMPLES,BOOK BACK QUESTIONS,ALL LWS,DREAM 90 MCQ AND AR,DREAM 90 PP MCQ,DREAM 90 PP SUBJECTIVE,DREAM 90 SOLVED NUMERICALS"
49a2b95f-76d9-4a69-9801-2ec82fa6636c,22: GRAPHICAL REPRESENTATION,22,"TEXTBOOK READING,TEXTBOOK SOLVED EXAMPLES,BOOK BACK QUESTIONS,ALL LWS,DREAM 90 MCQ AND AR,DREAM 90 PP MCQ,DREAM 90 PP SUBJECTIVE,DREAM 90 SOLVED NUMERICALS"
49a2b95f-76d9-4a69-9801-2ec82fa6636c,23: PROBABILITY,23,"TEXTBOOK READING,TEXTBOOK SOLVED EXAMPLES,BOOK BACK QUESTIONS,PRACTISE PULLEY DIAGRAMS,ALL LWS,DREAM 90 MCQ AND AR,DREAM 90 PP MCQ,DREAM 90 PP SUBJECTIVE,DREAM 90 SOLVED NUMERICALS"
42f06757-09d7-409b-9a3d-4ff7bdcc2ce9,1: FORCE,1,"TEXTBOOK READING,WRITE ALL FACTORS,TEXTBOOK SOLVED EXAMPLES,BOOK BACK QUESTIONS,PRACTISE ALL DIAGRAMS,ALL LWS,DREAM 90 MCQ AND AR,DREAM 90 PP MCQ,DREAM 90 PP SUBJECTIVE"
42f06757-09d7-409b-9a3d-4ff7bdcc2ce9,"2: WORK, ENERGY & POWER",2,"TEXTBOOK READING,WRITE ALL FACTORS,TEXTBOOK SOLVED EXAMPLES,BOOK BACK QUESTIONS,PRACTISE ALL RAY DIAGRAMS,ALL LWS,DREAM 90 MCQ AND AR,DREAM 90 PP MCQ,DREAM 90 PP SUBJECTIVE,DREAM 90 SOLVED NUMERICALS"
42f06757-09d7-409b-9a3d-4ff7bdcc2ce9,3: MACHINE,3,"TEXTBOOK READING,DREAM 90 ALL GIVE REASONS,TEXTBOOK SOLVED EXAMPLES,BOOK BACK QUESTIONS,ALL LWS,DREAM 90 MCQ AND AR,DREAM 90 PP MCQ,DREAM 90 PP SUBJECTIVE"
42f06757-09d7-409b-9a3d-4ff7bdcc2ce9,4: REFRACTION OF LIGHT AT PLANE SURFACE,4,"TEXTBOOK READING,DREAM 90 ALL GIVE REASONS,TEXTBOOK SOLVED EXAMPLES,BOOK BACK QUESTIONS,ALL LWS,DREAM 90 MCQ AND AR,DREAM 90 PP MCQ,DREAM 90 PP SUBJECTIVE"
42f06757-09d7-409b-9a3d-4ff7bdcc2ce9,5: REFRACTION THROUGH A LENS,5,"TEXTBOOK READING,WRITE ALL FACTORS,TEXTBOOK SOLVED EXAMPLES,BOOK BACK QUESTIONS,ALL LWS,DREAM 90 MCQ AND AR,DREAM 90 PP MCQ,DREAM 90 PP SUBJECTIVE,DREAM 90 SOLVED NUMERICALS"
42f06757-09d7-409b-9a3d-4ff7bdcc2ce9,6: SPECTRUM,6,"TEXTBOOK READING,WRITE ALL COLOR CODE,TEXTBOOK SOLVED EXAMPLES,BOOK BACK QUESTIONS,ALL LWS,DREAM 90 MCQ AND AR,DREAM 90 PP MCQ,DREAM 90 PP SUBJECTIVE"
42f06757-09d7-409b-9a3d-4ff7bdcc2ce9,7: SOUND,7,"TEXTBOOK READING,WRITE ALL FACTORS,TEXTBOOK SOLVED EXAMPLES,BOOK BACK QUESTIONS,ALL LWS,DREAM 90 MCQ AND AR,DREAM 90 PP MCQ,DREAM 90 PP SUBJECTIVE"
42f06757-09d7-409b-9a3d-4ff7bdcc2ce9,8: CURRENT ELECTRICITY,8,"TEXTBOOK READING,TEXTBOOK SOLVED EXAMPLES,BOOK BACK QUESTIONS,ALL LWS,DREAM 90 MCQ AND AR,DREAM 90 PP MCQ,DREAM 90 PP SUBJECTIVE,DREAM 90 SOLVED NUMERICALS"
42f06757-09d7-409b-9a3d-4ff7bdcc2ce9,9: HOUSEHOLD CIRCUITS,9,"TEXTBOOK READING,WRITE ALL DEFINITIONS,TEXTBOOK SOLVED EXAMPLES,BOOK BACK QUESTIONS,ALL LWS,DREAM 90 MCQ AND AR,DREAM 90 PP MCQ,DREAM 90 PP SUBJECTIVE"
