subject_id,chapter_name,order_index,batch,task_1,task_2,task_3,task_4,task_5,task_6,task_7,task_8,task_9,task_10,task_11,task_12,task_13
42f06757-09d7-409b-9a3d-4ff7bdcc2ce9,FORCE,1,ICSE 10,TEXTBOOK READING,TEXTBOOK SOLVED EXAMPLES,BOOK BACK QUESTIONS,ALL LWS,DREAM 90 MCQ AND AR,DREAM 90 PP MCQ,DREAM 90 PP SUBJECTIVE,DREAM 90 SOLVED NUMERICALS,,,,,
42f06757-09d7-409b-9a3d-4ff7bdcc2ce9,"WORK, ENERGY & POWER",2,ICSE 10,TEXTBOOK READING,TEXTBOOK SOLVED EXAMPLES,BOOK BACK QUESTIONS,ALL LWS,DREAM 90 MCQ AND AR,DREAM 90 PP MCQ,DREAM 90 PP SUBJECTIVE,DREAM 90 SOLVED NUMERICALS,,,,,
42f06757-09d7-409b-9a3d-4ff7bdcc2ce9,MACHINE,3,ICSE 10,TEXTBOOK READING,TEXTBOOK SOLVED EXAMPLES,BOOK BACK QUESTIONS,PRACTISE PULLEY DIAGRAMS,ALL LWS,DREAM 90 MCQ AND AR,DREAM 90 PP MCQ,DREAM 90 PP SUBJECTIVE,DREAM 90 SOLVED NUMERICALS,,,,
42f06757-09d7-409b-9a3d-4ff7bdcc2ce9,REFRACTION OF LIGHT AT PLANE SURFACE,4,ICSE 10,TEXTBOOK READING,WRITE ALL FACTORS,TEXTBOOK SOLVED EXAMPLES,BOOK BACK QUESTIONS,PRACTISE ALL DIAGRAMS,ALL LWS,DREAM 90 MCQ AND AR,DREAM 90 PP MCQ,DREAM 90 PP SUBJECTIVE,,,,
42f06757-09d7-409b-9a3d-4ff7bdcc2ce9,REFRACTION THROUGH A LENS,5,ICSE 10,TEXTBOOK READING,WRITE ALL FACTORS,TEXTBOOK SOLVED EXAMPLES,BOOK BACK QUESTIONS,PRACTISE ALL RAY DIAGRAMS,ALL LWS,DREAM 90 MCQ AND AR,DREAM 90 PP MCQ,DREAM 90 PP SUBJECTIVE,DREAM 90 SOLVED NUMERICALS,,,
42f06757-09d7-409b-9a3d-4ff7bdcc2ce9,SPECTRUM,6,ICSE 10,TEXTBOOK READING,DREAM 90 ALL GIVE REASONS,TEXTBOOK SOLVED EXAMPLES,BOOK BACK QUESTIONS,ALL LWS,DREAM 90 MCQ AND AR,DREAM 90 PP MCQ,DREAM 90 PP SUBJECTIVE,,,,,
42f06757-09d7-409b-9a3d-4ff7bdcc2ce9,SOUND,7,ICSE 10,TEXTBOOK READING,DREAM 90 ALL GIVE REASONS,TEXTBOOK SOLVED EXAMPLES,BOOK BACK QUESTIONS,ALL LWS,DREAM 90 MCQ AND AR,DREAM 90 PP MCQ,DREAM 90 PP SUBJECTIVE,,,,,
42f06757-09d7-409b-9a3d-4ff7bdcc2ce9,CURRENT ELECTRICITY,8,ICSE 10,TEXTBOOK READING,WRITE ALL FACTORS,TEXTBOOK SOLVED EXAMPLES,BOOK BACK QUESTIONS,ALL LWS,DREAM 90 MCQ AND AR,DREAM 90 PP MCQ,DREAM 90 PP SUBJECTIVE,DREAM 90 SOLVED NUMERICALS,,,,
42f06757-09d7-409b-9a3d-4ff7bdcc2ce9,HOUSEHOLD CIRCUITS,9,ICSE 10,TEXTBOOK READING,WRITE ALL COLOR CODE,TEXTBOOK SOLVED EXAMPLES,BOOK BACK QUESTIONS,ALL LWS,DREAM 90 MCQ AND AR,DREAM 90 PP MCQ,DREAM 90 PP SUBJECTIVE,,,,,
42f06757-09d7-409b-9a3d-4ff7bdcc2ce9,ELECTRO-MAGNETISM,10,ICSE 10,TEXTBOOK READING,WRITE ALL FACTORS,TEXTBOOK SOLVED EXAMPLES,BOOK BACK QUESTIONS,ALL LWS,DREAM 90 MCQ AND AR,DREAM 90 PP MCQ,DREAM 90 PP SUBJECTIVE,,,,,
42f06757-09d7-409b-9a3d-4ff7bdcc2ce9,CALORIMETRY,11,ICSE 10,TEXTBOOK READING,TEXTBOOK SOLVED EXAMPLES,BOOK BACK QUESTIONS,ALL LWS,DREAM 90 MCQ AND AR,DREAM 90 PP MCQ,DREAM 90 PP SUBJECTIVE,DREAM 90 SOLVED NUMERICALS,,,,,
42f06757-09d7-409b-9a3d-4ff7bdcc2ce9,RADIOACTIVITY,12,ICSE 10,TEXTBOOK READING,WRITE ALL DEFINITIONS,TEXTBOOK SOLVED EXAMPLES,BOOK BACK QUESTIONS,ALL LWS,DREAM 90 MCQ AND AR,DREAM 90 PP MCQ,DREAM 90 PP SUBJECTIVE,,,,,
c60c4ac3-a762-49d7-ab64-f128dbaf5f02,PERIODIC TABLE,1,ICSE 10,READ CLASS NOTES,MAKE LIST OF ALL TRENDS AND EXCEPTIONS,SOLVE BOOK BACK QUESTIONS,SOLVE DREAM 90 LWS,DREAM 90 MCQ AND AR,DREAM 90 PP SUBJECTIVE,DREAM 90 PP MCQ,READ ALL DREAM 90 SOLVED QUESTIONS,,,,,
c60c4ac3-a762-49d7-ab64-f128dbaf5f02,CHEMICAL BONDING,2,ICSE 10,READ CLASS NOTES,DRAW ALL 10 STRUCTURES 3 TIMES,SOLVE BOOK BACK QUESTIONS,SOLVE DREAM 90 LWS,DREAM 90 MCQ AND AR,DREAM 90 PP SUBJECTIVE,DREAM 90 PP MCQ,READ ALL DREAM 90 SOLVED QUESTIONS,,,,,
c60c4ac3-a762-49d7-ab64-f128dbaf5f02,"ACID, BASES AND SALTS",3,ICSE 10,READ CLASS NOTES,WRITE ALL DEFINITIONS,SOLVE BOOK BACK QUESTIONS,SOLVE DREAM 90 LWS,DREAM 90 MCQ AND AR,DREAM 90 PP SUBJECTIVE,DREAM 90 PP MCQ,READ ALL DREAM 90 SOLVED QUESTIONS,,,,,
c60c4ac3-a762-49d7-ab64-f128dbaf5f02,ANALYTICAL CHEMISTRY,4,ICSE 10,READ CLASS NOTES,WRITE TEST FOR EVERY ION ONCE,SOLVE BOOK BACK QUESTIONS,SOLVE DREAM 90 LWS,DREAM 90 MCQ AND AR,DREAM 90 PP SUBJECTIVE,DREAM 90 PP MCQ,READ ALL DREAM 90 SOLVED QUESTIONS,,,,,
c60c4ac3-a762-49d7-ab64-f128dbaf5f02,MOLE CONCEPT,5,ICSE 10,MAKE FORMULA LIST,SOLVE ALL TEXTBOOK SOLVED EXAMPLES ,SOLVE BOOK BACK QUESTIONS,SOLVE DREAM 90 LWS,DREAM 90 MCQ AND AR,DREAM 90 PP SUBJECTIVE,DREAM 90 PP MCQ,,,,,,
c60c4ac3-a762-49d7-ab64-f128dbaf5f02,ELECTROLYSIS,6,ICSE 10,READ CLASS NOTES,MAKE LIST OF ALL ELECTROLYSIS PROCESS WITH OBSERVATION AT ELECTRODES,SOLVE BOOK BACK QUESTIONS,SOLVE DREAM 90 LWS,DREAM 90 MCQ AND AR,DREAM 90 PP SUBJECTIVE,DREAM 90 PP MCQ,,,,,,
c60c4ac3-a762-49d7-ab64-f128dbaf5f02,METALLURGY,7,ICSE 10,READ CLASS NOTES,PRACTISE REACTIONS OF BAYERS AND HALLS PROCESS,SOLVE BOOK BACK QUESTIONS,SOLVE DREAM 90 LWS,DREAM 90 MCQ AND AR,DREAM 90 PP SUBJECTIVE,DREAM 90 PP MCQ,,,,,,
c60c4ac3-a762-49d7-ab64-f128dbaf5f02,HYDROGEN CHLORIDE,8,ICSE 10,READ CLASS NOTES,PRACTISE ALL REACTIONS 3 TIMES,SOLVE BOOK BACK QUESTIONS,SOLVE DREAM 90 LWS,DREAM 90 MCQ AND AR,DREAM 90 PP SUBJECTIVE,DREAM 90 PP MCQ,,,,,,
c60c4ac3-a762-49d7-ab64-f128dbaf5f02,AMMONIA,9,ICSE 10,READ CLASS NOTES,PRACTISE ALL REACTIONS 3 TIMES,SOLVE BOOK BACK QUESTIONS,SOLVE DREAM 90 LWS,DREAM 90 MCQ AND AR,DREAM 90 PP SUBJECTIVE,DREAM 90 PP MCQ,,,,,,
c60c4ac3-a762-49d7-ab64-f128dbaf5f02,NITRIC ACID,10,ICSE 10,READ CLASS NOTES,PRACTISE ALL REACTIONS 3 TIMES,SOLVE BOOK BACK QUESTIONS,SOLVE DREAM 90 LWS,DREAM 90 MCQ AND AR,DREAM 90 PP SUBJECTIVE,DREAM 90 PP MCQ,,,,,,
c60c4ac3-a762-49d7-ab64-f128dbaf5f02,SULPHURIC ACID,11,ICSE 10,READ CLASS NOTES,PRACTISE ALL REACTIONS 3 TIMES,SOLVE BOOK BACK QUESTIONS,SOLVE DREAM 90 LWS,DREAM 90 MCQ AND AR,DREAM 90 PP SUBJECTIVE,DREAM 90 PP MCQ,,,,,,
c60c4ac3-a762-49d7-ab64-f128dbaf5f02,ORGANIC CHEMISTRY,12,ICSE 10,MAKE LIST OF TRICIAL NAMES 3 TIMES,READ CLASS NOTES,PRACTISE ALL REACTIONS 3 TIMES,SOLVE BOOK BACK QUESTIONS,SOLVE DREAM 90 LWS,DREAM 90 MCQ AND AR,DREAM 90 PP SUBJECTIVE,DREAM 90 PP MCQ,,,,,
c60c4ac3-a762-49d7-ab64-f128dbaf5f02,PRACTICAL CHEMISTRY,13,ICSE 10,WRITE  ALL TESTS THREE TIMES,READ CLASS NOTES,SOLVE BOOK BACK QUESTIONS,SOLVE DREAM 90 LWS,DREAM 90 MCQ AND AR,DREAM 90 PP SUBJECTIVE,DREAM 90 PP MCQ,READ ALL DREAM 90 SOLVED QUESTIONS,,,,,
49a2b95f-76d9-4a69-9801-2ec82fa6636c,GOODS AND SERVICE TAX,1,ICSE 10,MAKE SUMMARY OF CHAPTER,SOLVED EXAMPLE FROM TEXTBOOK,BOOK BACK QUESTIONS,SOLVE MISCELLENOUS AND BOARD QUESTIONS,SOLVE TEST PAPER 1,SOLVE TEST PAPER 2,SOLVE TEST PAPER 3,SOLVE TEST PAPER 4,SOLVE TEST PAPER 5,DO ALL MCQ AND AR FROM D90,SOLVE MCQ PRACTISE PAPER,,
49a2b95f-76d9-4a69-9801-2ec82fa6636c,BANKING,2,ICSE 10,MAKE SUMMARY OF CHAPTER,SOLVED EXAMPLE FROM TEXTBOOK,BOOK BACK QUESTIONS,SOLVE MISCELLENOUS AND BOARD QUESTIONS,SOLVE TEST PAPER 1,SOLVE TEST PAPER 2,SOLVE TEST PAPER 3,SOLVE TEST PAPER 4,SOLVE TEST PAPER 5,DO ALL MCQ AND AR FROM D90,SOLVE MCQ PRACTISE PAPER,,
49a2b95f-76d9-4a69-9801-2ec82fa6636c,SHARES AND DIVIDENDS,3,ICSE 10,MAKE SUMMARY OF CHAPTER,SOLVED EXAMPLE FROM TEXTBOOK,BOOK BACK QUESTIONS,SOLVE MISCELLENOUS AND BOARD QUESTIONS,SOLVE TEST PAPER 1,SOLVE TEST PAPER 2,SOLVE TEST PAPER 3,SOLVE TEST PAPER 4,SOLVE TEST PAPER 5,DO ALL MCQ AND AR FROM D90,SOLVE MCQ PRACTISE PAPER,,
49a2b95f-76d9-4a69-9801-2ec82fa6636c,LINEAR INEQUALITIES,4,ICSE 10,MAKE SUMMARY OF CHAPTER,SOLVED EXAMPLE FROM TEXTBOOK,BOOK BACK QUESTIONS,SOLVE MISCELLENOUS AND BOARD QUESTIONS,SOLVE TEST PAPER 1,SOLVE TEST PAPER 2,SOLVE TEST PAPER 3,SOLVE TEST PAPER 4,SOLVE TEST PAPER 5,DO ALL MCQ AND AR FROM D90,SOLVE MCQ PRACTISE PAPER,,
49a2b95f-76d9-4a69-9801-2ec82fa6636c,QUADRATIC EQUATIONS,5,ICSE 10,MAKE SUMMARY OF CHAPTER,SOLVED EXAMPLE FROM TEXTBOOK,BOOK BACK QUESTIONS,SOLVE MISCELLENOUS AND BOARD QUESTIONS,SOLVE TEST PAPER 1,SOLVE TEST PAPER 2,SOLVE TEST PAPER 3,SOLVE TEST PAPER 4,SOLVE TEST PAPER 5,DO ALL MCQ AND AR FROM D90,SOLVE MCQ PRACTISE PAPER,,
49a2b95f-76d9-4a69-9801-2ec82fa6636c,SOLVING PROBLEM QUADRATIC EQUATIONS,6,ICSE 10,MAKE SUMMARY OF CHAPTER,SOLVED EXAMPLE FROM TEXTBOOK,BOOK BACK QUESTIONS,SOLVE MISCELLENOUS AND BOARD QUESTIONS,SOLVE TEST PAPER 1,SOLVE TEST PAPER 2,SOLVE TEST PAPER 3,SOLVE TEST PAPER 4,SOLVE TEST PAPER 5,DO ALL MCQ AND AR FROM D90,SOLVE MCQ PRACTISE PAPER,,
49a2b95f-76d9-4a69-9801-2ec82fa6636c,RATIO AND PROPORTION,7,ICSE 10,MAKE SUMMARY OF CHAPTER,SOLVED EXAMPLE FROM TEXTBOOK,BOOK BACK QUESTIONS,SOLVE MISCELLENOUS AND BOARD QUESTIONS,SOLVE TEST PAPER 1,SOLVE TEST PAPER 2,SOLVE TEST PAPER 3,SOLVE TEST PAPER 4,SOLVE TEST PAPER 5,DO ALL MCQ AND AR FROM D90,SOLVE MCQ PRACTISE PAPER,,
49a2b95f-76d9-4a69-9801-2ec82fa6636c,REMAINDER AND FACTOR THEOREM (FACTORISATION OF POLYNOMIAL),8,ICSE 10,MAKE SUMMARY OF CHAPTER,SOLVED EXAMPLE FROM TEXTBOOK,BOOK BACK QUESTIONS,SOLVE MISCELLENOUS AND BOARD QUESTIONS,SOLVE TEST PAPER 1,SOLVE TEST PAPER 2,SOLVE TEST PAPER 3,SOLVE TEST PAPER 4,SOLVE TEST PAPER 5,DO ALL MCQ AND AR FROM D90,SOLVE MCQ PRACTISE PAPER,,
49a2b95f-76d9-4a69-9801-2ec82fa6636c,MATRICES,9,ICSE 10,MAKE SUMMARY OF CHAPTER,SOLVED EXAMPLE FROM TEXTBOOK,BOOK BACK QUESTIONS,SOLVE MISCELLENOUS AND BOARD QUESTIONS,SOLVE TEST PAPER 1,SOLVE TEST PAPER 2,SOLVE TEST PAPER 3,SOLVE TEST PAPER 4,SOLVE TEST PAPER 5,DO ALL MCQ AND AR FROM D90,SOLVE MCQ PRACTISE PAPER,,
49a2b95f-76d9-4a69-9801-2ec82fa6636c,ARITHMETIC PROGRESSION,10,ICSE 10,MAKE SUMMARY OF CHAPTER,SOLVED EXAMPLE FROM TEXTBOOK,BOOK BACK QUESTIONS,SOLVE MISCELLENOUS AND BOARD QUESTIONS,SOLVE TEST PAPER 1,SOLVE TEST PAPER 2,SOLVE TEST PAPER 3,SOLVE TEST PAPER 4,SOLVE TEST PAPER 5,DO ALL MCQ AND AR FROM D90,SOLVE MCQ PRACTISE PAPER,,
49a2b95f-76d9-4a69-9801-2ec82fa6636c,GEOMETRIC PROGRESSION,11,ICSE 10,MAKE SUMMARY OF CHAPTER,SOLVED EXAMPLE FROM TEXTBOOK,BOOK BACK QUESTIONS,SOLVE MISCELLENOUS AND BOARD QUESTIONS,SOLVE TEST PAPER 1,SOLVE TEST PAPER 2,SOLVE TEST PAPER 3,SOLVE TEST PAPER 4,SOLVE TEST PAPER 5,DO ALL MCQ AND AR FROM D90,SOLVE MCQ PRACTISE PAPER,,
49a2b95f-76d9-4a69-9801-2ec82fa6636c,REFLECTION,12,ICSE 10,MAKE SUMMARY OF CHAPTER,SOLVED EXAMPLE FROM TEXTBOOK,BOOK BACK QUESTIONS,SOLVE MISCELLENOUS AND BOARD QUESTIONS,SOLVE TEST PAPER 1,SOLVE TEST PAPER 2,SOLVE TEST PAPER 3,SOLVE TEST PAPER 4,SOLVE TEST PAPER 5,DO ALL MCQ AND AR FROM D90,SOLVE MCQ PRACTISE PAPER,,
49a2b95f-76d9-4a69-9801-2ec82fa6636c,SECTION AND MID POINT FORMULA,13,ICSE 10,MAKE SUMMARY OF CHAPTER,SOLVED EXAMPLE FROM TEXTBOOK,BOOK BACK QUESTIONS,SOLVE MISCELLENOUS AND BOARD QUESTIONS,SOLVE TEST PAPER 1,SOLVE TEST PAPER 2,SOLVE TEST PAPER 3,SOLVE TEST PAPER 4,SOLVE TEST PAPER 5,DO ALL MCQ AND AR FROM D90,SOLVE MCQ PRACTISE PAPER,,
49a2b95f-76d9-4a69-9801-2ec82fa6636c,EQUATION OF A STRAIGHT LINE,14,ICSE 10,MAKE SUMMARY OF CHAPTER,SOLVED EXAMPLE FROM TEXTBOOK,BOOK BACK QUESTIONS,SOLVE MISCELLENOUS AND BOARD QUESTIONS,SOLVE TEST PAPER 1,SOLVE TEST PAPER 2,SOLVE TEST PAPER 3,SOLVE TEST PAPER 4,SOLVE TEST PAPER 5,DO ALL MCQ AND AR FROM D90,SOLVE MCQ PRACTISE PAPER,,
49a2b95f-76d9-4a69-9801-2ec82fa6636c,SIMILARITY,15,ICSE 10,MAKE SUMMARY OF CHAPTER,SOLVED EXAMPLE FROM TEXTBOOK,BOOK BACK QUESTIONS,SOLVE MISCELLENOUS AND BOARD QUESTIONS,SOLVE TEST PAPER 1,SOLVE TEST PAPER 2,SOLVE TEST PAPER 3,SOLVE TEST PAPER 4,SOLVE TEST PAPER 5,DO ALL MCQ AND AR FROM D90,SOLVE MCQ PRACTISE PAPER,,
49a2b95f-76d9-4a69-9801-2ec82fa6636c,LOCUS,16,ICSE 10,MAKE SUMMARY OF CHAPTER,SOLVED EXAMPLE FROM TEXTBOOK,BOOK BACK QUESTIONS,SOLVE MISCELLENOUS AND BOARD QUESTIONS,SOLVE TEST PAPER 1,SOLVE TEST PAPER 2,SOLVE TEST PAPER 3,SOLVE TEST PAPER 4,SOLVE TEST PAPER 5,DO ALL MCQ AND AR FROM D90,SOLVE MCQ PRACTISE PAPER,,
49a2b95f-76d9-4a69-9801-2ec82fa6636c,CIRCLES,17,ICSE 10,MAKE SUMMARY OF CHAPTER,SOLVED EXAMPLE FROM TEXTBOOK,BOOK BACK QUESTIONS,SOLVE MISCELLENOUS AND BOARD QUESTIONS,SOLVE TEST PAPER 1,SOLVE TEST PAPER 2,SOLVE TEST PAPER 3,SOLVE TEST PAPER 4,SOLVE TEST PAPER 5,DO ALL MCQ AND AR FROM D90,SOLVE MCQ PRACTISE PAPER,,
49a2b95f-76d9-4a69-9801-2ec82fa6636c,CONSTRUCTIONS,18,ICSE 10,SOLVED EXAMPLE FROM TEXTBOOK,BOOK BACK QUESTIONS,SOLVE MISCELLENOUS AND BOARD QUESTIONS,SOLVE TEST PAPER 1,SOLVE TEST PAPER 2,SOLVE TEST PAPER 3,SOLVE TEST PAPER 4,SOLVE TEST PAPER 5,DO ALL MCQ AND AR FROM D90,SOLVE MCQ PRACTISE PAPER,,,
49a2b95f-76d9-4a69-9801-2ec82fa6636c,MENSURATION,19,ICSE 10,MAKE SUMMARY OF CHAPTER,SOLVED EXAMPLE FROM TEXTBOOK,BOOK BACK QUESTIONS,SOLVE MISCELLENOUS AND BOARD QUESTIONS,SOLVE TEST PAPER 1,SOLVE TEST PAPER 2,SOLVE TEST PAPER 3,SOLVE TEST PAPER 4,SOLVE TEST PAPER 5,DO ALL MCQ AND AR FROM D90,SOLVE MCQ PRACTISE PAPER,,
49a2b95f-76d9-4a69-9801-2ec82fa6636c,TRIGONOMETRY IDENTITIES,20,ICSE 10,MAKE SUMMARY OF CHAPTER,SOLVED EXAMPLE FROM TEXTBOOK,BOOK BACK QUESTIONS,SOLVE MISCELLENOUS AND BOARD QUESTIONS,SOLVE TEST PAPER 1,SOLVE TEST PAPER 2,SOLVE TEST PAPER 3,SOLVE TEST PAPER 4,SOLVE TEST PAPER 5,DO ALL MCQ AND AR FROM D90,SOLVE MCQ PRACTISE PAPER,,
49a2b95f-76d9-4a69-9801-2ec82fa6636c,HIGHT & DISTANCE ,21,ICSE 10,MAKE SUMMARY OF CHAPTER,SOLVED EXAMPLE FROM TEXTBOOK,BOOK BACK QUESTIONS,SOLVE MISCELLENOUS AND BOARD QUESTIONS,SOLVE TEST PAPER 1,SOLVE TEST PAPER 2,SOLVE TEST PAPER 3,SOLVE TEST PAPER 4,SOLVE TEST PAPER 5,DO ALL MCQ AND AR FROM D90,SOLVE MCQ PRACTISE PAPER,,
49a2b95f-76d9-4a69-9801-2ec82fa6636c,GRAPHICAL REPRESENTATION ,22,ICSE 10,MAKE SUMMARY OF CHAPTER,SOLVED EXAMPLE FROM TEXTBOOK,BOOK BACK QUESTIONS,SOLVE MISCELLENOUS AND BOARD QUESTIONS,SOLVE TEST PAPER 1,SOLVE TEST PAPER 2,SOLVE TEST PAPER 3,SOLVE TEST PAPER 4,SOLVE TEST PAPER 5,DO ALL MCQ AND AR FROM D90,SOLVE MCQ PRACTISE PAPER,,
49a2b95f-76d9-4a69-9801-2ec82fa6636c,PROBABILITY,23,ICSE 10,MAKE SUMMARY OF CHAPTER,SOLVED EXAMPLE FROM TEXTBOOK,BOOK BACK QUESTIONS,SOLVE MISCELLENOUS AND BOARD QUESTIONS,SOLVE TEST PAPER 1,SOLVE TEST PAPER 2,SOLVE TEST PAPER 3,SOLVE TEST PAPER 4,SOLVE TEST PAPER 5,DO ALL MCQ AND AR FROM D90,SOLVE MCQ PRACTISE PAPER,,
2321c97a-7ff4-414f-8442-ca8634b0ff4a,CELL (FOR REVISION ONLY),1,ICSE 10,,,,,,,,,,,,,
2321c97a-7ff4-414f-8442-ca8634b0ff4a,"STRUCTURE OF CHROMOSOMES,CELL CYCLE AND CELL DIVISION",2,ICSE 10,textbook theory reading ,revision (shortcut notes),DIAGRAM PRACTICE,TEXTBOOK QUESTIONS,DREAM 90 LWS,"DREAM 90 MCQ'S, A&R, OBJECTIVES",PYQ - OBJECTIVE & SUBJECTIVE ,DREAM 90 - SA - 20 MKS,RECTIFY MISTAKES & FINAL REVISION,,,,
2321c97a-7ff4-414f-8442-ca8634b0ff4a,GENETICS,3,ICSE 10,CLASS NOTES,REVISE DEFINITIONS,Practice Monohybrid & dihybrid cross,PRACTICE WORD PROBLEMS (sex linked inheritence),DREAM 90 LWS,"DREAM 90 MCQ'S, A&R, OBJECTIVES",PYQ - OBJECTIVE & SUBJECTIVE ,DREAM 90 - SA - 20 MKS,RECTIFY MISTAKES & FINAL REVISION,,,,
2321c97a-7ff4-414f-8442-ca8634b0ff4a,ABSORPTION BY ROOTS,4,ICSE 10,textbook theory reading ,revision (shortcut notes),SOLVE GIVE REASONS,TEXTBOOK QUESTIONS,DREAM 90 LWS,"DREAM 90 MCQ'S, A&R, OBJECTIVES",PYQ - OBJECTIVE & SUBJECTIVE ,DREAM 90 - SA - 20 MKS,RECTIFY MISTAKES & FINAL REVISION,,,,
2321c97a-7ff4-414f-8442-ca8634b0ff4a,TRANSPIRATION,5,ICSE 10,textbook theory reading ,REVISE EXPERIMENTS ,DIAGRAM PRACTICE,TEXTBOOK QUESTIONS,DREAM 90 LWS,"DREAM 90 MCQ'S, A&R, OBJECTIVES",PYQ - OBJECTIVE & SUBJECTIVE ,DREAM 90 - SA - 20 MKS,RECTIFY MISTAKES & FINAL REVISION,,,,
2321c97a-7ff4-414f-8442-ca8634b0ff4a,PHOTOSYNTHESIS,6,ICSE 10,textbook theory reading ,REVISE EXPERIMENTS ,DIAGRAM PRACTICE,TEXTBOOK QUESTIONS,DREAM 90 LWS,"DREAM 90 MCQ'S, A&R, OBJECTIVES",PYQ - OBJECTIVE & SUBJECTIVE ,DREAM 90 - SA - 20 MKS,RECTIFY MISTAKES & FINAL REVISION,,,,
2321c97a-7ff4-414f-8442-ca8634b0ff4a,CHEMICAL COORDINATION IN PLANTS,7,ICSE 10,textbook theory reading ,Revise activities,revise textbook markings,TEXTBOOK QUESTIONS,DREAM 90 LWS,"DREAM 90 MCQ'S, A&R, OBJECTIVES",PYQ - OBJECTIVE & SUBJECTIVE ,DREAM 90 - SA - 20 MKS,RECTIFY MISTAKES & FINAL REVISION,,,,
2321c97a-7ff4-414f-8442-ca8634b0ff4a,THE CIRCULATORY SYSTEM,8,ICSE 10,textbook theory reading ,revision (shortcut notes),DIAGRAM PRACTICE,TEXTBOOK QUESTIONS,DREAM 90 LWS,"DREAM 90 MCQ'S, A&R, OBJECTIVES",PYQ - OBJECTIVE & SUBJECTIVE ,DREAM 90 - SA - 20 MKS,RECTIFY MISTAKES & FINAL REVISION,,,,
2321c97a-7ff4-414f-8442-ca8634b0ff4a,THE EXCRETORY SYSTEM,9,ICSE 10,textbook theory reading ,REVISE CLASS NOTES,DIAGRAM PRACTICE,TEXTBOOK QUESTIONS,DREAM 90 LWS,"DREAM 90 MCQ'S, A&R, OBJECTIVES",PYQ - OBJECTIVE & SUBJECTIVE ,DREAM 90 - SA - 20 MKS,RECTIFY MISTAKES & FINAL REVISION,,,,
2321c97a-7ff4-414f-8442-ca8634b0ff4a,THE NERVOUS SYSTEM,10,ICSE 10,textbook theory reading ,Textbook markings,DIAGRAM PRACTICE,TEXTBOOK QUESTIONS,DREAM 90 LWS,"DREAM 90 MCQ'S, A&R, OBJECTIVES",PYQ - OBJECTIVE & SUBJECTIVE ,DREAM 90 - SA - 20 MKS,RECTIFY MISTAKES & FINAL REVISION,,,,
2321c97a-7ff4-414f-8442-ca8634b0ff4a,SENSE ORGANS,11,ICSE 10,textbook theory reading ,revision (shortcut notes),DIAGRAM PRACTICE,TEXTBOOK QUESTIONS,DREAM 90 LWS,"DREAM 90 MCQ'S, A&R, OBJECTIVES",PYQ - OBJECTIVE & SUBJECTIVE ,DREAM 90 - SA - 20 MKS,RECTIFY MISTAKES & FINAL REVISION,,,,
2321c97a-7ff4-414f-8442-ca8634b0ff4a,THE ENDOCRINE SYSTEM,12,ICSE 10,textbook theory reading ,revision (shortcut notes),revise textbook markings,TEXTBOOK QUESTIONS,DREAM 90 LWS,"DREAM 90 MCQ'S, A&R, OBJECTIVES",PYQ - OBJECTIVE & SUBJECTIVE ,DREAM 90 - SA - 20 MKS,RECTIFY MISTAKES & FINAL REVISION,,,,
2321c97a-7ff4-414f-8442-ca8634b0ff4a,THE REPRODUCTIVITY SYSTEM,13,ICSE 10,textbook theory reading ,revise textbook markings,Diagrams & process practice,TEXTBOOK QUESTIONS,DREAM 90 LWS,"DREAM 90 MCQ'S, A&R, OBJECTIVES",PYQ - OBJECTIVE & SUBJECTIVE ,DREAM 90 - SA - 20 MKS,RECTIFY MISTAKES & FINAL REVISION,,,,
2321c97a-7ff4-414f-8442-ca8634b0ff4a,HUMAN EVOLUTION,14,ICSE 10,textbook theory reading ,revise textbook markings,SOLVE PYQ ,TEXTBOOK QUESTIONS,DREAM 90 LWS,"DREAM 90 MCQ'S, A&R, OBJECTIVES",PYQ - OBJECTIVE & SUBJECTIVE ,DREAM 90 - SA - 20 MKS,RECTIFY MISTAKES & FINAL REVISION,,,,
2321c97a-7ff4-414f-8442-ca8634b0ff4a,POPULATION- THE INCREASING NUMBERS & RISING PROBLEMS,15,ICSE 10,textbook theory reading ,revise textbook markings,SOLVE PYQ ,TEXTBOOK QUESTIONS,DREAM 90 LWS,"DREAM 90 MCQ'S, A&R, OBJECTIVES",PYQ - OBJECTIVE & SUBJECTIVE ,DREAM 90 - SA - 20 MKS,RECTIFY MISTAKES & FINAL REVISION,,,,
2321c97a-7ff4-414f-8442-ca8634b0ff4a,POLLUTION - A RISING ENVIRONMENTAL PROBLEM,16,ICSE 10,textbook theory reading ,revise textbook markings,SOLVE PYQ ,TEXTBOOK QUESTIONS,DREAM 90 LWS,"DREAM 90 MCQ'S, A&R, OBJECTIVES",PYQ - OBJECTIVE & SUBJECTIVE ,DREAM 90 - SA - 20 MKS,RECTIFY MISTAKES & FINAL REVISION,,,,
1b571a81-a6f3-48c6-b14c-dfe836bc1cbe,JULIUS CAESAR,1,ICSE 10,,,,,,,,,,,,,
1b571a81-a6f3-48c6-b14c-dfe836bc1cbe,ACT 3 SCENE 1,2,ICSE 10,TEXTBOOK READING,Memorize most important Phrases and Meanings,Study Greek and Roman References,Learn Answers from Dream 90,Solve MCQs - Especially Assertion - Reasons from D90,Solve previous years' Board Papers,,,,,,,
1b571a81-a6f3-48c6-b14c-dfe836bc1cbe,ACT 3 SCENE 2,3,ICSE 10,TEXTBOOK READING,Memorize most important Phrases and Meanings,Study Greek and Roman References,Learn Answers from Dream 90,Solve MCQs - Especially Assertion - Reasons from D90,Solve previous years' Board Papers,,,,,,,
1b571a81-a6f3-48c6-b14c-dfe836bc1cbe,ACT 3 SCENE 3,4,ICSE 10,TEXTBOOK READING,Memorize most important Phrases and Meanings,Study Greek and Roman References,Learn Answers from Dream 90,Solve MCQs - Especially Assertion - Reasons from D90,Solve previous years' Board Papers,,,,,,,
1b571a81-a6f3-48c6-b14c-dfe836bc1cbe,ACT 4 SCENE 1,5,ICSE 10,TEXTBOOK READING,Memorize most important Phrases and Meanings,Study Greek and Roman References,Learn Answers from Dream 90,Solve MCQs - Especially Assertion - Reasons from D90,Solve previous years' Board Papers,,,,,,,
1b571a81-a6f3-48c6-b14c-dfe836bc1cbe,ACT 4 SCENE 2,6,ICSE 10,TEXTBOOK READING,Memorize most important Phrases and Meanings,Study Greek and Roman References,Learn Answers from Dream 90,Solve MCQs - Especially Assertion - Reasons from D90,Solve previous years' Board Papers,,,,,,,
1b571a81-a6f3-48c6-b14c-dfe836bc1cbe,ACT 4 SCENE 3,7,ICSE 10,TEXTBOOK READING,Memorize most important Phrases and Meanings,Study Greek and Roman References,Learn Answers from Dream 90,Solve MCQs - Especially Assertion - Reasons from D90,Solve previous years' Board Papers,,,,,,,
1b571a81-a6f3-48c6-b14c-dfe836bc1cbe,ACT 5 SCENE 1,8,ICSE 10,TEXTBOOK READING,Memorize most important Phrases and Meanings,Study Greek and Roman References,Learn Answers from Dream 90,Solve MCQs - Especially Assertion - Reasons from D90,Solve previous years' Board Papers,,,,,,,
1b571a81-a6f3-48c6-b14c-dfe836bc1cbe,ACT 5 SCENE 2,9,ICSE 10,TEXTBOOK READING,Memorize most important Phrases and Meanings,Study Greek and Roman References,Learn Answers from Dream 90,Solve MCQs - Especially Assertion - Reasons from D90,Solve previous years' Board Papers,,,,,,,
1b571a81-a6f3-48c6-b14c-dfe836bc1cbe,ACT 5 SCENE 3,10,ICSE 10,TEXTBOOK READING,Memorize most important Phrases and Meanings,Study Greek and Roman References,Learn Answers from Dream 90,Solve MCQs - Especially Assertion - Reasons from D90,Solve previous years' Board Papers,,,,,,,
1b571a81-a6f3-48c6-b14c-dfe836bc1cbe,ACT 5 SCENE 4,11,ICSE 10,TEXTBOOK READING,Memorize most important Phrases and Meanings,Study Greek and Roman References,Learn Answers from Dream 90,Solve MCQs - Especially Assertion - Reasons from D90,Solve previous years' Board Papers,,,,,,,
1b571a81-a6f3-48c6-b14c-dfe836bc1cbe,ACT 5 SCENE 5,12,ICSE 10,TEXTBOOK READING,Memorize most important Phrases and Meanings,Study Greek and Roman References,Learn Answers from Dream 90,Solve MCQs - Especially Assertion - Reasons from D90,Solve previous years' Board Papers,,,,,,,
1b571a81-a6f3-48c6-b14c-dfe836bc1cbe,POEMS,13,ICSE 10,,,,,,,,,,,,,
1b571a81-a6f3-48c6-b14c-dfe836bc1cbe,HAUNTED HOUSES,14,ICSE 10,TEXTBOOK READING,Memorize most important Phrases and Meanings,Identify Figures of Speech ,Learn Answers from Dream 90,Solve MCQS - Especially Related to Figures of Speech From D90,Solve Prelim Papers from Previous Years,,,,,,,
1b571a81-a6f3-48c6-b14c-dfe836bc1cbe,THE GLOVES AND THE LIONS,15,ICSE 10,TEXTBOOK READING,Memorize most important Phrases and Meanings,Identify Figures of Speech ,Learn Answers from Dream 90,Solve MCQS - Especially Related to Figures of Speech From D90,Solve Prelim Papers from Previous Years,,,,,,,
1b571a81-a6f3-48c6-b14c-dfe836bc1cbe,WHEN GRAT TREES FALL,16,ICSE 10,TEXTBOOK READING,Memorize most important Phrases and Meanings,Identify Figures of Speech ,Learn Answers from Dream 90,Solve MCQS - Especially Related to Figures of Speech From D90,Solve Prelim Papers from Previous Years,,,,,,,
1b571a81-a6f3-48c6-b14c-dfe836bc1cbe,A CONSIDERABLE SPECK,17,ICSE 10,TEXTBOOK READING,Memorize most important Phrases and Meanings,Identify Figures of Speech ,Learn Answers from Dream 90,Solve MCQS - Especially Related to Figures of Speech From D90,Solve Prelim Papers from Previous Years,,,,,,,
1b571a81-a6f3-48c6-b14c-dfe836bc1cbe,THE POWER OF MUSIC,18,ICSE 10,TEXTBOOK READING,Memorize most important Phrases and Meanings,Identify Figures of Speech ,Learn Answers from Dream 90,Solve MCQS - Especially Related to Figures of Speech From D90,Solve Prelim Papers from Previous Years,,,,,,,
1b571a81-a6f3-48c6-b14c-dfe836bc1cbe,STORIES,19,ICSE 10,,,,,,,,,,,,,
1b571a81-a6f3-48c6-b14c-dfe836bc1cbe,WITH THE PHOTOGRAPHER,20,ICSE 10,TEXTBOOK READING,Memorize most important Phrases and Meanings,Identify the Sequence of Events,Learn Answers from Dream 90,Solve MCQS - Especially Related tp Sequence and Assertion Reason,Solve Prelim Papers from Previous Years,,,,,,,
1b571a81-a6f3-48c6-b14c-dfe836bc1cbe,THE ELEVATOR,21,ICSE 10,TEXTBOOK READING,Memorize most important Phrases and Meanings,Identify the Sequence of Events,Learn Answers from Dream 90,Solve MCQS - Especially Related tp Sequence and Assertion Reason,Solve Prelim Papers from Previous Years,,,,,,,
1b571a81-a6f3-48c6-b14c-dfe836bc1cbe,THE GIRL WHO CAN,22,ICSE 10,TEXTBOOK READING,Memorize most important Phrases and Meanings,Identify the Sequence of Events,Learn Answers from Dream 90,Solve MCQS - Especially Related tp Sequence and Assertion Reason,Solve Prelim Papers from Previous Years,,,,,,,
1b571a81-a6f3-48c6-b14c-dfe836bc1cbe,THE PEDESTRIAN,23,ICSE 10,TEXTBOOK READING,Memorize most important Phrases and Meanings,Identify the Sequence of Events,Learn Answers from Dream 90,Solve MCQS - Especially Related tp Sequence and Assertion Reason,Solve Prelim Papers from Previous Years,,,,,,,
1b571a81-a6f3-48c6-b14c-dfe836bc1cbe,THE LAST LESSON,24,ICSE 10,TEXTBOOK READING,Memorize most important Phrases and Meanings,Identify the Sequence of Events,Learn Answers from Dream 90,Solve MCQS - Especially Related tp Sequence and Assertion Reason,Solve Prelim Papers from Previous Years,,,,,,,
96b8754c-92a9-492d-a81e-7497608c926b,EMAIL & NOTICE WRITING,1,ICSE 10,Write down Board Approved Format,Write down 2 Specimens and get it checked,Write 5 topics from Dream 90 to build confidence,Solve the questions from Board Papers,Solve similar questions from Total English,Solve all worksheets given by teacher,,,,,,,
96b8754c-92a9-492d-a81e-7497608c926b,FORMAL & INFORMAL LETTER WRITING,2,ICSE 10,Write down Board Approved Format,Write down 2 Specimens and get it checked,Write 5 topics from Dream 90 to build confidence,Solve the questions from Board Papers,Solve similar questions from Total English,Solve all worksheets given by teacher,,,,,,,
96b8754c-92a9-492d-a81e-7497608c926b,SUBJECT VERB,3,ICSE 10,Understand the topic in class,Solve worksheets given by the teacher on the topic,Solve questions from Dream 90,Solve similar questions from Board Papers,Solve similar questions from Total English,Solve a mixed bag question set from Prelim Papers,,,,,,,
96b8754c-92a9-492d-a81e-7497608c926b,PREPOSITION,4,ICSE 10,Understand the topic in class,Solve worksheets given by the teacher on the topic,Solve questions from Dream 90,Solve similar questions from Board Papers,Solve similar questions from Total English,Solve a mixed bag question set from Prelim Papers,,,,,,,
96b8754c-92a9-492d-a81e-7497608c926b,SYNTHESIS,5,ICSE 10,Understand the topic in class,Solve worksheets given by the teacher on the topic,Solve questions from Dream 90,Solve similar questions from Board Papers,Solve similar questions from Total English,Solve a mixed bag question set from Prelim Papers,,,,,,,
96b8754c-92a9-492d-a81e-7497608c926b,TRANSFORMATION OF SENTENCES,6,ICSE 10,Understand the topic in class,Solve worksheets given by the teacher on the topic,Solve questions from Dream 90,Solve similar questions from Board Papers,Solve similar questions from Total English,Solve a mixed bag question set from Prelim Papers,,,,,,,
96b8754c-92a9-492d-a81e-7497608c926b,NO SOONER THAN,7,ICSE 10,Understand the topic in class,Solve worksheets given by the teacher on the topic,Solve questions from Dream 90,Solve similar questions from Board Papers,Solve similar questions from Total English,Solve a mixed bag question set from Prelim Papers,,,,,,,
96b8754c-92a9-492d-a81e-7497608c926b,HARDLY/ SCARCELY/ BARELY HAD â€¦ WHEN,8,ICSE 10,Understand the topic in class,Solve worksheets given by the teacher on the topic,Solve questions from Dream 90,Solve similar questions from Board Papers,Solve similar questions from Total English,Solve a mixed bag question set from Prelim Papers,,,,,,,
96b8754c-92a9-492d-a81e-7497608c926b,REMOVE â€˜TOOâ€™ AND ADD TOO,9,ICSE 10,Understand the topic in class,Solve worksheets given by the teacher on the topic,Solve questions from Dream 90,Solve similar questions from Board Papers,Solve similar questions from Total English,Solve a mixed bag question set from Prelim Papers,,,,,,,
96b8754c-92a9-492d-a81e-7497608c926b,IN SPITE/ DESPITE,10,ICSE 10,Understand the topic in class,Solve worksheets given by the teacher on the topic,Solve questions from Dream 90,Solve similar questions from Board Papers,Solve similar questions from Total English,Solve a mixed bag question set from Prelim Papers,,,,,,,
96b8754c-92a9-492d-a81e-7497608c926b,ASSERTIVE TO EXCLAMATORY AND VICE VERSA,11,ICSE 10,Understand the topic in class,Solve worksheets given by the teacher on the topic,Solve questions from Dream 90,Solve similar questions from Board Papers,Solve similar questions from Total English,Solve a mixed bag question set from Prelim Papers,,,,,,,
96b8754c-92a9-492d-a81e-7497608c926b,ASSERTIVE TO INTERROGATIVE AND VICE VERSA,12,ICSE 10,Understand the topic in class,Solve worksheets given by the teacher on the topic,Solve questions from Dream 90,Solve similar questions from Board Papers,Solve similar questions from Total English,Solve a mixed bag question set from Prelim Papers,,,,,,,
96b8754c-92a9-492d-a81e-7497608c926b,LESTâ€¦.SHOULD AND ALL OTHER TYPES OF TRANSFORMATIONS,13,ICSE 10,Understand the topic in class,Solve worksheets given by the teacher on the topic,Solve questions from Dream 90,Solve similar questions from Board Papers,Solve similar questions from Total English,Solve a mixed bag question set from Prelim Papers,,,,,,,
96b8754c-92a9-492d-a81e-7497608c926b,ACTIVE PASSIVE VOICE ,14,ICSE 10,Understand the topic in class,Solve worksheets given by the teacher on the topic,Solve questions from Dream 90,Solve similar questions from Board Papers,Solve similar questions from Total English,Solve a mixed bag question set from Prelim Papers,,,,,,,
96b8754c-92a9-492d-a81e-7497608c926b,DIRECT INDIRECT SPEECH,15,ICSE 10,Understand the topic in class,Solve worksheets given by the teacher on the topic,Solve questions from Dream 90,Solve similar questions from Board Papers,Solve similar questions from Total English,Solve a mixed bag question set from Prelim Papers,,,,,,,
96b8754c-92a9-492d-a81e-7497608c926b,WORD FORM ,16,ICSE 10,Understand the topic in class,Solve worksheets given by the teacher on the topic,Solve questions from Dream 90,Solve similar questions from Board Papers,Solve similar questions from Total English,Solve a mixed bag question set from Prelim Papers,,,,,,,
96b8754c-92a9-492d-a81e-7497608c926b,COMPREHENSION,17,ICSE 10,Understand the topic in class,Solve worksheets given by the teacher on the topic,Solve questions from Dream 90,Solve similar questions from Board Papers,Solve similar questions from Total English,Solve a mixed bag question set from Prelim Papers,,,,,,,
96b8754c-92a9-492d-a81e-7497608c926b,DEGREES OF COMPARISON,18,ICSE 10,Understand the topic in class,Solve worksheets given by the teacher on the topic,Solve questions from Dream 90,Solve similar questions from Board Papers,Solve similar questions from Total English,Solve a mixed bag question set from Prelim Papers,,,,,,,
96b8754c-92a9-492d-a81e-7497608c926b,STORY WRITING,19,ICSE 10,Write down Board Approved Format,Write down 2 Specimens and get it checked,Solve topics from Dream 90,Solve similar questions from Board Papers,Solve similar questions from Total English,Solve Questions from Prelim Papers,,,,,,,
96b8754c-92a9-492d-a81e-7497608c926b,ARGUMENTATIVE ESSAY,20,ICSE 10,Write down Board Approved Format,Write down 2 Specimens and get it checked,Solve topics from Dream 90,Solve similar questions from Board Papers,Solve similar questions from Total English,Solve Questions from Prelim Papers,,,,,,,
96b8754c-92a9-492d-a81e-7497608c926b,DESCRIPTIVE ESSAY,21,ICSE 10,Write down Board Approved Format,Write down 2 Specimens and get it checked,Solve topics from Dream 90,Solve similar questions from Board Papers,Solve similar questions from Total English,Solve Questions from Prelim Papers,,,,,,,
96b8754c-92a9-492d-a81e-7497608c926b,NARRATIVE ESSAY,22,ICSE 10,Write down Board Approved Format,Write down 2 Specimens and get it checked,Solve topics from Dream 90,Solve similar questions from Board Papers,Solve similar questions from Total English,Solve Questions from Prelim Papers,,,,,,,
96b8754c-92a9-492d-a81e-7497608c926b,PICTURE COMPOSTION ,23,ICSE 10,Write down Board Approved Format,Write down 2 Specimens and get it checked,Solve topics from Dream 90,Solve similar questions from Board Papers,Solve similar questions from Total English,Solve Questions from Prelim Papers,,,,,,,
96b8754c-92a9-492d-a81e-7497608c926b,ARTICLES,24,ICSE 10,Understand the topic in class,Solve worksheets given by the teacher on the topic,Solve questions from Dream 90,Solve similar questions from Board Papers,Solve similar questions from Total English,Solve Questions from Prelim Papers,,,,,,,
96b8754c-92a9-492d-a81e-7497608c926b,TENSES,25,ICSE 10,Understand the topic in class,Solve worksheets given by the teacher on the topic,Solve questions from Dream 90,Solve similar questions from Board Papers,Solve similar questions from Total English,Solve Questions from Prelim Papers,,,,,,,
96b8754c-92a9-492d-a81e-7497608c926b,GRID WRITNG,26,ICSE 10,Understand the topic in class,Solve worksheets given by the teacher on the topic,Solve questions from Dream 90,Solve similar questions from Board Papers,Solve similar questions from Total English,Solve Questions from Prelim Papers,,,,,,,
c948f97c-5086-4252-b1ea-dec6a3f299a3,"THE FIRST WAR IF INDEPENDENCE,1857",1,ICSE 10,TEXTBOOK READING,TEXTUAL QUESTION,DREAM 90 MCQ,DREAM 90 2 MARK QUESTION,DREAM 90 SOLVE 10 MARK BRIEF QUESTION,DREAK 90 LW,DREAM 90 TEST PAPER,,,,,,
c948f97c-5086-4252-b1ea-dec6a3f299a3,GROWTH OF NATIONALISM,2,ICSE 10,TEXTBOOK READING,TEXTUAL QUESTION,DREAM 90 MCQ,DREAM 90 2 MARK QUESTION,DREAM 90 SOLVE 10 MARK BRIEF QUESTION,DREAK 90 LW,DREAM 90 TEST PAPER,,,,,,
c948f97c-5086-4252-b1ea-dec6a3f299a3,FIRST PHASE OF THE INDIAN NATIONAL MOVEMENT,3,ICSE 10,TEXTBOOK READING,TEXTUAL QUESTION,DREAM 90 MCQ,DREAM 90 2 MARK QUESTION,DREAM 90 SOLVE 10 MARK BRIEF QUESTION,DREAK 90 LW,DREAM 90 TEST PAPER,,,,,,
c948f97c-5086-4252-b1ea-dec6a3f299a3,SECOND PHASE OF THE INDIAN NATIONAL MOVEMENT,4,ICSE 10,TEXTBOOK READING,TEXTUAL QUESTION,DREAM 90 MCQ,DREAM 90 2 MARK QUESTION,DREAM 90 SOLVE 10 MARK BRIEF QUESTION,DREAK 90 LW,DREAM 90 TEST PAPER,,,,,,
c948f97c-5086-4252-b1ea-dec6a3f299a3,THE MUSLIM LEAGUE,5,ICSE 10,TEXTBOOK READING,TEXTUAL QUESTION,DREAM 90 MCQ,DREAM 90 2 MARK QUESTION,DREAM 90 SOLVE 10 MARK BRIEF QUESTION,DREAK 90 LW,DREAM 90 TEST PAPER,,,,,,
c948f97c-5086-4252-b1ea-dec6a3f299a3,MAHATMA GANDHI,6,ICSE 10,TEXTBOOK READING,TEXTUAL QUESTION,DREAM 90 MCQ,DREAM 90 2 MARK QUESTION,DREAM 90 SOLVE 10 MARK BRIEF QUESTION,DREAK 90 LW,DREAM 90 TEST PAPER,,,,,,
c948f97c-5086-4252-b1ea-dec6a3f299a3,QUIT INDIA MOVEMENT,7,ICSE 10,TEXTBOOK READING,TEXTUAL QUESTION,DREAM 90 MCQ,DREAM 90 2 MARK QUESTION,DREAM 90 SOLVE 10 MARK BRIEF QUESTION,DREAK 90 LW,DREAM 90 TEST PAPER,,,,,,
c948f97c-5086-4252-b1ea-dec6a3f299a3,FORWARD BLOC AND THE INA,8,ICSE 10,TEXTBOOK READING,TEXTUAL QUESTION,DREAM 90 MCQ,DREAM 90 2 MARK QUESTION,DREAM 90 SOLVE 10 MARK BRIEF QUESTION,DREAK 90 LW,DREAM 90 TEST PAPER,,,,,,
c948f97c-5086-4252-b1ea-dec6a3f299a3,INDEPENDENCE AND PARTITION OF INDIA,9,ICSE 10,TEXTBOOK READING,TEXTUAL QUESTION,DREAM 90 MCQ,DREAM 90 2 MARK QUESTION,DREAM 90 SOLVE 10 MARK BRIEF QUESTION,DREAK 90 LW,DREAM 90 TEST PAPER,,,,,,
c948f97c-5086-4252-b1ea-dec6a3f299a3,THE FIRST WORLD WAR,10,ICSE 10,TEXTBOOK READING,TEXTUAL QUESTION,DREAM 90 MCQ,DREAM 90 2 MARK QUESTION,DREAM 90 SOLVE 10 MARK BRIEF QUESTION,DREAK 90 LW,DREAM 90 TEST PAPER,,,,,,
c948f97c-5086-4252-b1ea-dec6a3f299a3,RISE OF DICTATORSHIP,11,ICSE 10,TEXTBOOK READING,TEXTUAL QUESTION,DREAM 90 MCQ,DREAM 90 2 MARK QUESTION,DREAM 90 SOLVE 10 MARK BRIEF QUESTION,DREAK 90 LW,DREAM 90 TEST PAPER,,,,,,
c948f97c-5086-4252-b1ea-dec6a3f299a3,THE SECOND WORLD WAR,12,ICSE 10,TEXTBOOK READING,TEXTUAL QUESTION,DREAM 90 MCQ,DREAM 90 2 MARK QUESTION,DREAM 90 SOLVE 10 MARK BRIEF QUESTION,DREAK 90 LW,DREAM 90 TEST PAPER,,,,,,
c948f97c-5086-4252-b1ea-dec6a3f299a3,UNITED NATIONS,13,ICSE 10,TEXTBOOK READING,TEXTUAL QUESTION,DREAM 90 MCQ,DREAM 90 2 MARK QUESTION,DREAM 90 SOLVE 10 MARK BRIEF QUESTION,DREAK 90 LW,DREAM 90 TEST PAPER,,,,,,
c948f97c-5086-4252-b1ea-dec6a3f299a3,MAJOR AGENCIES OF THE UNITED NATIONS,14,ICSE 10,TEXTBOOK READING,TEXTUAL QUESTION,DREAM 90 MCQ,DREAM 90 2 MARK QUESTION,DREAM 90 SOLVE 10 MARK BRIEF QUESTION,DREAK 90 LW,DREAM 90 TEST PAPER,,,,,,
c948f97c-5086-4252-b1ea-dec6a3f299a3,NON-ALIGNED MOVEMENT,15,ICSE 10,TEXTBOOK READING,TEXTUAL QUESTION,DREAM 90 MCQ,DREAM 90 2 MARK QUESTION,DREAM 90 SOLVE 10 MARK BRIEF QUESTION,DREAK 90 LW,DREAM 90 TEST PAPER,,,,,,
764f478b-d69e-463a-bfce-250c1ea8861c,THE UNION PARLIAMENT,1,ICSE 10,TEXTBOOK READING,TEXTUAL QUESTION,DREAM 90 MCQ,DREAM 90 2 MARK QUESTION,DREAM 90 SOLVE 10 MARK BRIEF QUESTION,DREAK 90 LW,DREAM 90 TEST PAPER,,,,,,
764f478b-d69e-463a-bfce-250c1ea8861c,THE PRESIDENT AND VICE PRESIDENT,2,ICSE 10,TEXTBOOK READING,TEXTUAL QUESTION,DREAM 90 MCQ,DREAM 90 2 MARK QUESTION,DREAM 90 SOLVE 10 MARK BRIEF QUESTION,DREAK 90 LW,DREAM 90 TEST PAPER,,,,,,
764f478b-d69e-463a-bfce-250c1ea8861c,PRIME MINISTER AND COUNCIL OF MINISTERS,3,ICSE 10,TEXTBOOK READING,TEXTUAL QUESTION,DREAM 90 MCQ,DREAM 90 2 MARK QUESTION,DREAM 90 SOLVE 10 MARK BRIEF QUESTION,DREAK 90 LW,DREAM 90 TEST PAPER,,,,,,
764f478b-d69e-463a-bfce-250c1ea8861c,THE SUPREME COURT,4,ICSE 10,TEXTBOOK READING,TEXTUAL QUESTION,DREAM 90 MCQ,DREAM 90 2 MARK QUESTION,DREAM 90 SOLVE 10 MARK BRIEF QUESTION,DREAK 90 LW,DREAM 90 TEST PAPER,,,,,,
764f478b-d69e-463a-bfce-250c1ea8861c,THE HIGH COURTS AND SUBORDINATE COURTS,5,ICSE 10,TEXTBOOK READING,TEXTUAL QUESTION,DREAM 90 MCQ,DREAM 90 2 MARK QUESTION,DREAM 90 SOLVE 10 MARK BRIEF QUESTION,DREAK 90 LW,DREAM 90 TEST PAPER,,,,,,
b16ad68f-debe-479b-a009-444282413ff3,PART I (MAP WORK),1,ICSE 10,,,,,,,,,,,,,
b16ad68f-debe-479b-a009-444282413ff3,INTERPRETATION OF TOPOGRAPHICAL MAPS,2,ICSE 10,ONLY PRACTISE,ONLY PRACTISE,ONLY PRACTISE,ONLY PRACTISE,ONLY PRACTISE,ONLY PRACTISE,ONLY PRACTISE,,,,,,
b16ad68f-debe-479b-a009-444282413ff3,MAP OF INDIA,3,ICSE 10,ONLY PRACTISE,ONLY PRACTISE,ONLY PRACTISE,ONLY PRACTISE,ONLY PRACTISE,ONLY PRACTISE,ONLY PRACTISE,,,,,,
b16ad68f-debe-479b-a009-444282413ff3,PART II (GEOG: OF INDIA),4,ICSE 10,,,,,,,,,,,,,
b16ad68f-debe-479b-a009-444282413ff3,CLIMATE,5,ICSE 10,TEXTBOOK READING,TEXTUAL QUESTION ,DREAM 90 GIVE REAOSNS + MCQ,DREAM 90 ALL REMAINING QUESTIONS,DREAK 90 LW,DREAM 90 TEST PAPER,PY QUESTIONS,,,,,,
b16ad68f-debe-479b-a009-444282413ff3,SOIL RESOURCES,6,ICSE 10,TEXTBOOK READING,TEXTUAL QUESTION ,DREAM 90 GIVE REAOSNS + MCQ,DREAM 90 ALL REMAINING QUESTIONS,DREAK 90 LW,DREAM 90 TEST PAPER,PY QUESTIONS,,,,,,
b16ad68f-debe-479b-a009-444282413ff3,NATURAL VEGETATION,7,ICSE 10,TEXTBOOK READING,TEXTUAL QUESTION ,DREAM 90 GIVE REAOSNS + MCQ,DREAM 90 ALL REMAINING QUESTIONS,DREAK 90 LW,DREAM 90 TEST PAPER,PY QUESTIONS,,,,,,
b16ad68f-debe-479b-a009-444282413ff3,WATER RESOURCES,8,ICSE 10,TEXTBOOK READING,TEXTUAL QUESTION ,DREAM 90 GIVE REAOSNS + MCQ,DREAM 90 ALL REMAINING QUESTIONS,DREAK 90 LW,DREAM 90 TEST PAPER,PY QUESTIONS,,,,,,
b16ad68f-debe-479b-a009-444282413ff3,MINERAL RESOURCES,9,ICSE 10,TEXTBOOK READING,TEXTUAL QUESTION ,DREAM 90 GIVE REAOSNS + MCQ,DREAM 90 ALL REMAINING QUESTIONS,DREAK 90 LW,DREAM 90 TEST PAPER,PY QUESTIONS,,,,,,
b16ad68f-debe-479b-a009-444282413ff3,CONVENTIONAL SOURCES OF ENERGY,10,ICSE 10,TEXTBOOK READING,TEXTUAL QUESTION ,DREAM 90 GIVE REAOSNS + MCQ,DREAM 90 ALL REMAINING QUESTIONS,DREAK 90 LW,DREAM 90 TEST PAPER,PY QUESTIONS,,,,,,
b16ad68f-debe-479b-a009-444282413ff3,NON-CONVENTIONAL SOURCES OF ENERGY,11,ICSE 10,TEXTBOOK READING,TEXTUAL QUESTION ,DREAM 90 GIVE REAOSNS + MCQ,DREAM 90 ALL REMAINING QUESTIONS,DREAK 90 LW,DREAM 90 TEST PAPER,PY QUESTIONS,,,,,,
b16ad68f-debe-479b-a009-444282413ff3,AGRICULTURE-I,12,ICSE 10,TEXTBOOK READING,TEXTUAL QUESTION ,DREAM 90 GIVE REAOSNS + MCQ,DREAM 90 ALL REMAINING QUESTIONS,DREAK 90 LW,DREAM 90 TEST PAPER,PY QUESTIONS,,,,,,
b16ad68f-debe-479b-a009-444282413ff3,AGRICULTURE-II : FOOD CROPS,13,ICSE 10,TEXTBOOK READING,TEXTUAL QUESTION ,DREAM 90 GIVE REAOSNS + MCQ,DREAM 90 ALL REMAINING QUESTIONS,DREAK 90 LW,DREAM 90 TEST PAPER,PY QUESTIONS,,,,,,
b16ad68f-debe-479b-a009-444282413ff3,AGRICULTURE-III : CASH CROPS (1),14,ICSE 10,TEXTBOOK READING,TEXTUAL QUESTION ,DREAM 90 GIVE REAOSNS + MCQ,DREAM 90 ALL REMAINING QUESTIONS,DREAK 90 LW,DREAM 90 TEST PAPER,PY QUESTIONS,,,,,,
b16ad68f-debe-479b-a009-444282413ff3,AGRICULTURE-IV : CASH CROPS (2),15,ICSE 10,TEXTBOOK READING,TEXTUAL QUESTION ,DREAM 90 GIVE REAOSNS + MCQ,DREAM 90 ALL REMAINING QUESTIONS,DREAK 90 LW,DREAM 90 TEST PAPER,PY QUESTIONS,,,,,,
b16ad68f-debe-479b-a009-444282413ff3,MANUFACTURING INDUSTRIES AGRO- BASED,16,ICSE 10,TEXTBOOK READING,TEXTUAL QUESTION ,DREAM 90 GIVE REAOSNS + MCQ,DREAM 90 ALL REMAINING QUESTIONS,DREAK 90 LW,DREAM 90 TEST PAPER,PY QUESTIONS,,,,,,
b16ad68f-debe-479b-a009-444282413ff3,MINERAL BASED INDUSTRY,17,ICSE 10,TEXTBOOK READING,TEXTUAL QUESTION ,DREAM 90 GIVE REAOSNS + MCQ,DREAM 90 ALL REMAINING QUESTIONS,DREAK 90 LW,DREAM 90 TEST PAPER,PY QUESTIONS,,,,,,
b16ad68f-debe-479b-a009-444282413ff3,TRANSPORT,18,ICSE 10,TEXTBOOK READING,TEXTUAL QUESTION ,DREAM 90 GIVE REAOSNS + MCQ,DREAM 90 ALL REMAINING QUESTIONS,DREAK 90 LW,DREAM 90 TEST PAPER,PY QUESTIONS,,,,,,
b16ad68f-debe-479b-a009-444282413ff3,IMPACT OF WASTE ACCUMULATION,19,ICSE 10,TEXTBOOK READING,TEXTUAL QUESTION ,DREAM 90 GIVE REAOSNS + MCQ,DREAM 90 ALL REMAINING QUESTIONS,DREAK 90 LW,DREAM 90 TEST PAPER,PY QUESTIONS,,,,,,
b16ad68f-debe-479b-a009-444282413ff3,NEED FOR WASTE MANAGEMENT,20,ICSE 10,TEXTBOOK READING,TEXTUAL QUESTION ,DREAM 90 GIVE REAOSNS + MCQ,DREAM 90 ALL REMAINING QUESTIONS,DREAK 90 LW,DREAM 90 TEST PAPER,PY QUESTIONS,,,,,,
7e4d8777-ce8c-4c04-9bd8-9abf4a5f9cc4,EKANKI SANCHAY,1,ICSE 10,,,,,,,,,,,,,
7e4d8777-ce8c-4c04-9bd8-9abf4a5f9cc4,SANSKAR AUR BHAVNA,2,ICSE 10,,,,,,,,,,,,,
7e4d8777-ce8c-4c04-9bd8-9abf4a5f9cc4,BAHU KI VIDA,3,ICSE 10,,,,,,,,,,,,,
7e4d8777-ce8c-4c04-9bd8-9abf4a5f9cc4,MATRABHUMI KA MAAN,4,ICSE 10,,,,,,,,,,,,,
7e4d8777-ce8c-4c04-9bd8-9abf4a5f9cc4,SUKHI DAALI,5,ICSE 10,,,,,,,,,,,,,
7e4d8777-ce8c-4c04-9bd8-9abf4a5f9cc4,MAHABHARAT KI SANJH,6,ICSE 10,,,,,,,,,,,,,
7e4d8777-ce8c-4c04-9bd8-9abf4a5f9cc4,DEEPDAN,7,ICSE 10,,,,,,,,,,,,,
7e4d8777-ce8c-4c04-9bd8-9abf4a5f9cc4,SAHITYA SAGAR,8,ICSE 10,,,,,,,,,,,,,
7e4d8777-ce8c-4c04-9bd8-9abf4a5f9cc4,BAAT ATTHANI KI,9,ICSE 10,,,,,,,,,,,,,
7e4d8777-ce8c-4c04-9bd8-9abf4a5f9cc4,KAKI,10,ICSE 10,,,,,,,,,,,,,
7e4d8777-ce8c-4c04-9bd8-9abf4a5f9cc4,MAHAYAGYA KA PURASKAR,11,ICSE 10,,,,,,,,,,,,,
7e4d8777-ce8c-4c04-9bd8-9abf4a5f9cc4,NETAJI KA CHASHMA,12,ICSE 10,,,,,,,,,,,,,
7e4d8777-ce8c-4c04-9bd8-9abf4a5f9cc4,APNA APNA BHAGYA,13,ICSE 10,,,,,,,,,,,,,
7e4d8777-ce8c-4c04-9bd8-9abf4a5f9cc4,BADE GHAR KI BETI,14,ICSE 10,,,,,,,,,,,,,
7e4d8777-ce8c-4c04-9bd8-9abf4a5f9cc4,SANDEH,15,ICSE 10,,,,,,,,,,,,,
7e4d8777-ce8c-4c04-9bd8-9abf4a5f9cc4,BHEED ME KHOYA EK AADMI,16,ICSE 10,,,,,,,,,,,,,
7e4d8777-ce8c-4c04-9bd8-9abf4a5f9cc4,BHEDE AUR BHEDIYE,17,ICSE 10,,,,,,,,,,,,,
7e4d8777-ce8c-4c04-9bd8-9abf4a5f9cc4,DO KALAKAR,18,ICSE 10,,,,,,,,,,,,,
7e4d8777-ce8c-4c04-9bd8-9abf4a5f9cc4,POEM,19,ICSE 10,,,,,,,,,,,,,
7e4d8777-ce8c-4c04-9bd8-9abf4a5f9cc4,SAKHI,20,ICSE 10,,,,,,,,,,,,,
7e4d8777-ce8c-4c04-9bd8-9abf4a5f9cc4,GIRIDHAR KI KUNDALIYA,21,ICSE 10,,,,,,,,,,,,,
7e4d8777-ce8c-4c04-9bd8-9abf4a5f9cc4,SWARG BANA SAKHTE HE,22,ICSE 10,,,,,,,,,,,,,
7e4d8777-ce8c-4c04-9bd8-9abf4a5f9cc4,VAHA JALMA BHUMI MERI,23,ICSE 10,,,,,,,,,,,,,
7e4d8777-ce8c-4c04-9bd8-9abf4a5f9cc4,MEGH AYE,24,ICSE 10,,,,,,,,,,,,,
7e4d8777-ce8c-4c04-9bd8-9abf4a5f9cc4,SUR KE PAD,25,ICSE 10,,,,,,,,,,,,,
7e4d8777-ce8c-4c04-9bd8-9abf4a5f9cc4,VINAY KE PAD,26,ICSE 10,,,,,,,,,,,,,
7e4d8777-ce8c-4c04-9bd8-9abf4a5f9cc4,BHIKSHUK,27,ICSE 10,,,,,,,,,,,,,
7e4d8777-ce8c-4c04-9bd8-9abf4a5f9cc4,CHALNA HAMARA KAM HE,28,ICSE 10,,,,,,,,,,,,,
7e4d8777-ce8c-4c04-9bd8-9abf4a5f9cc4,MARTRU MANDIR KI OUR,29,ICSE 10,,,,,,,,,,,,,
7e4d8777-ce8c-4c04-9bd8-9abf4a5f9cc4,WRITING SKILL ,30,ICSE 10,,,,,,,,,,,,,
7e4d8777-ce8c-4c04-9bd8-9abf4a5f9cc4,ESSAY WRITING,31,ICSE 10,,,,,,,,,,,,,
7e4d8777-ce8c-4c04-9bd8-9abf4a5f9cc4,LETTER WRITING,32,ICSE 10,,,,,,,,,,,,,
7e4d8777-ce8c-4c04-9bd8-9abf4a5f9cc4,GRAMMAR,33,ICSE 10,,,,,,,,,,,,,
7e4d8777-ce8c-4c04-9bd8-9abf4a5f9cc4,LING,34,ICSE 10,,,,,,,,,,,,,
7e4d8777-ce8c-4c04-9bd8-9abf4a5f9cc4,VACHAN,35,ICSE 10,,,,,,,,,,,,,
7e4d8777-ce8c-4c04-9bd8-9abf4a5f9cc4,BHAV VACHAK,36,ICSE 10,,,,,,,,,,,,,
7e4d8777-ce8c-4c04-9bd8-9abf4a5f9cc4,VISHESHAN,37,ICSE 10,,,,,,,,,,,,,
7e4d8777-ce8c-4c04-9bd8-9abf4a5f9cc4,PARYAYVACHI,38,ICSE 10,,,,,,,,,,,,,
7e4d8777-ce8c-4c04-9bd8-9abf4a5f9cc4,VILOM,39,ICSE 10,,,,,,,,,,,,,
7e4d8777-ce8c-4c04-9bd8-9abf4a5f9cc4,ANEK SHABDO EK SHABD ,40,ICSE 10,,,,,,,,,,,,,
7e4d8777-ce8c-4c04-9bd8-9abf4a5f9cc4,KAAL ,41,ICSE 10,,,,,,,,,,,,,
7e4d8777-ce8c-4c04-9bd8-9abf4a5f9cc4,VAKYA KE BHED ,42,ICSE 10,,,,,,,,,,,,,
7e4d8777-ce8c-4c04-9bd8-9abf4a5f9cc4,VARTANI KI SAMANY ASHUDHIYAN (ASHUDH SHODHAN),43,ICSE 10,,,,,,,,,,,,,
7e4d8777-ce8c-4c04-9bd8-9abf4a5f9cc4,MUHAVARE,44,ICSE 10,,,,,,,,,,,,,
7e4d8777-ce8c-4c04-9bd8-9abf4a5f9cc4,VAKYA PARIVARTAN ,45,ICSE 10,,,,,,,,,,,,,
65d1592a-2fff-43a2-b6fe-9bf759e71db9,STAKEHOLDERS IN COMMERCIAL ORGANISATIONS,1,ICSE 10,Read textbook markings,Revision for weekly test,Revision for Class Prelim,Revision for School test,,,,,,,,,
65d1592a-2fff-43a2-b6fe-9bf759e71db9,MARKETING AND SALES,2,ICSE 10,Read textbook markings,Revision for weekly test,Revision for Class Prelim,Revision for School test,,,,,,,,,
65d1592a-2fff-43a2-b6fe-9bf759e71db9,ADVERTISING AND SALES PROMOTION,3,ICSE 10,Read textbook markings,Revision for weekly test,Revision for Class Prelim,Revision for School test,,,,,,,,,
65d1592a-2fff-43a2-b6fe-9bf759e71db9,CONSUMER PROTECTION,4,ICSE 10,Read textbook markings,Revision for weekly test,Revision for Class Prelim,Revision for School test,,,,,,,,,
65d1592a-2fff-43a2-b6fe-9bf759e71db9,E-COMMERCE,5,ICSE 10,Read textbook markings,Revision for weekly test,Revision for Class Prelim,Revision for School test,,,,,,,,,
65d1592a-2fff-43a2-b6fe-9bf759e71db9,CAPITAL AND REVENUE EXPENDITURE&INCOME,6,ICSE 10,Read textbook markings,Revision for weekly test,Revision for Class Prelim,Revision for School test,,,,,,,,,
65d1592a-2fff-43a2-b6fe-9bf759e71db9,FINAL ACCOUNTS OF SOLE PROPRIETORSHIP,7,ICSE 10,Solve Classwork questions,Solve Homework questions ,Solve Extra questions,Revisit all the questions covered earlier,,,,,,,,,
65d1592a-2fff-43a2-b6fe-9bf759e71db9,FUNDAMENTAL CONCEPTS OF COST,8,ICSE 10,Read textbook markings,Revision for weekly test,Revision for Class Prelim,Revision for School test,,,,,,,,,
65d1592a-2fff-43a2-b6fe-9bf759e71db9,BUDGETING,9,ICSE 10,Read textbook markings,Revision for weekly test,Revision for Class Prelim,Revision for School test,,,,,,,,,
65d1592a-2fff-43a2-b6fe-9bf759e71db9,SOURCES OF FINANCE,10,ICSE 10,Read textbook markings,Revision for weekly test,Revision for Class Prelim,Revision for School test,,,,,,,,,
65d1592a-2fff-43a2-b6fe-9bf759e71db9,RECRUITMENT SELECTION AND TRAINING,11,ICSE 10,Read textbook markings,Revision for weekly test,Revision for Class Prelim,Revision for School test,,,,,,,,,
65d1592a-2fff-43a2-b6fe-9bf759e71db9,"INDUSTRIAL RELATIONS, TRADE UNIONS AND SOCIAL SECURITY",12,ICSE 10,Read textbook markings,Revision for weekly test,Revision for Class Prelim,Revision for School test,,,,,,,,,
65d1592a-2fff-43a2-b6fe-9bf759e71db9,LOGISTICS AND INSURANCE,13,ICSE 10,Read textbook markings,Revision for weekly test,Revision for Class Prelim,Revision for School test,,,,,,,,,
65d1592a-2fff-43a2-b6fe-9bf759e71db9,BANKING,14,ICSE 10,Read textbook markings,Revision for weekly test,Revision for Class Prelim,Revision for School test,,,,,,,,,
65d1592a-2fff-43a2-b6fe-9bf759e71db9,STRIVING FOR BETTER ENVIRONMENT ,15,ICSE 10,Read textbook markings,Revision for weekly test,Revision for Class Prelim,Revision for School test,,,,,,,,,
83008b2d-750a-48da-a7d3-4a9b204bfcff,FACTORS OF PRODUCTION,1,ICSE 10,TEXTBOOK READING,Refer to the Notes Given during the lectures,Solve MCQ & Questions Given In Text Book,Study all the questions for the chapter,SOLVE WORKSHEET GIVEN IN CLASS,Revise the chapter and provide orals to Parents ,,,,,,,
83008b2d-750a-48da-a7d3-4a9b204bfcff,ELEMENTARY THEORY OF DEMAND,2,ICSE 10,TEXTBOOK READING,Refer to the Notes Given during the lectures,Solve MCQ & Questions Given In Text Book,Study all the questions for the chapter,SOLVE WORKSHEET GIVEN IN CLASS,Revise the chapter and provide orals to Parents ,,,,,,,
83008b2d-750a-48da-a7d3-4a9b204bfcff,ELASTICITY OF DEMAND,3,ICSE 10,TEXTBOOK READING,Refer to the Notes Given during the lectures,Solve MCQ & Questions Given In Text Book,Study all the questions for the chapter,SOLVE WORKSHEET GIVEN IN CLASS,Revise the chapter and provide orals to Parents ,,,,,,,
83008b2d-750a-48da-a7d3-4a9b204bfcff,THEORY OF SUPPLY,4,ICSE 10,TEXTBOOK READING,Refer to the Notes Given during the lectures,Solve MCQ & Questions Given In Text Book,Study all the questions for the chapter,SOLVE WORKSHEET GIVEN IN CLASS,Revise the chapter and provide orals to Parents ,,,,,,,
83008b2d-750a-48da-a7d3-4a9b204bfcff,MEANING AND TYPES OF MARKET,5,ICSE 10,TEXTBOOK READING,Refer to the Notes Given during the lectures,Solve MCQ & Questions Given In Text Book,Study all the questions for the chapter,SOLVE WORKSHEET GIVEN IN CLASS,Revise the chapter and provide orals to Parents ,,,,,,,
83008b2d-750a-48da-a7d3-4a9b204bfcff,MEANING AND FUNCTION OF MONEY,6,ICSE 10,TEXTBOOK READING,Refer to the Notes Given during the lectures,Solve MCQ & Questions Given In Text Book,Study all the questions for the chapter,SOLVE WORKSHEET GIVEN IN CLASS,Revise the chapter and provide orals to Parents ,,,,,,,
83008b2d-750a-48da-a7d3-4a9b204bfcff,COMMERCIAL BANK,7,ICSE 10,TEXTBOOK READING,Refer to the Notes Given during the lectures,Solve MCQ & Questions Given In Text Book,Study all the questions for the chapter,SOLVE WORKSHEET GIVEN IN CLASS,Revise the chapter and provide orals to Parents ,,,,,,,
83008b2d-750a-48da-a7d3-4a9b204bfcff,CENTRAL BANK,8,ICSE 10,TEXTBOOK READING,Refer to the Notes Given during the lectures,Solve MCQ & Questions Given In Text Book,Study all the questions for the chapter,SOLVE WORKSHEET GIVEN IN CLASS,Revise the chapter and provide orals to Parents ,,,,,,,
83008b2d-750a-48da-a7d3-4a9b204bfcff,INTRODUCTION TO PUBLIC FINANCE,9,ICSE 10,TEXTBOOK READING,Refer to the Notes Given during the lectures,Solve MCQ & Questions Given In Text Book,Study all the questions for the chapter,SOLVE WORKSHEET GIVEN IN CLASS,Revise the chapter and provide orals to Parents ,,,,,,,
83008b2d-750a-48da-a7d3-4a9b204bfcff,PUBLIC REVENUE,10,ICSE 10,TEXTBOOK READING,Refer to the Notes Given during the lectures,Solve MCQ & Questions Given In Text Book,Study all the questions for the chapter,SOLVE WORKSHEET GIVEN IN CLASS,Revise the chapter and provide orals to Parents ,,,,,,,
83008b2d-750a-48da-a7d3-4a9b204bfcff,PUBLIC EXPENDITURE,11,ICSE 10,TEXTBOOK READING,Refer to the Notes Given during the lectures,Solve MCQ & Questions Given In Text Book,Study all the questions for the chapter,SOLVE WORKSHEET GIVEN IN CLASS,Revise the chapter and provide orals to Parents ,,,,,,,
83008b2d-750a-48da-a7d3-4a9b204bfcff,PUBLIC DEBT,12,ICSE 10,TEXTBOOK READING,Refer to the Notes Given during the lectures,Solve MCQ & Questions Given In Text Book,Study all the questions for the chapter,SOLVE WORKSHEET GIVEN IN CLASS,Revise the chapter and provide orals to Parents ,,,,,,,
83008b2d-750a-48da-a7d3-4a9b204bfcff,INFLATION,13,ICSE 10,TEXTBOOK READING,Refer to the Notes Given during the lectures,Solve MCQ & Questions Given In Text Book,Study all the questions for the chapter,SOLVE WORKSHEET GIVEN IN CLASS,Revise the chapter and provide orals to Parents ,,,,,,,
83008b2d-750a-48da-a7d3-4a9b204bfcff,CONSUMER AWARENESS,14,ICSE 10,TEXTBOOK READING,Refer to the Notes Given during the lectures,Solve MCQ & Questions Given In Text Book,Study all the questions for the chapter,SOLVE WORKSHEET GIVEN IN CLASS,Revise the chapter and provide orals to Parents ,,,,,,,
130e273a-1424-416c-81c1-bcd1ac33c03a,MARKET AND MARKETING,1,ICSE 10,,,,,,,,,,,,,
130e273a-1424-416c-81c1-bcd1ac33c03a,MARKETING MIX,2,ICSE 10,,,,,,,,,,,,,
130e273a-1424-416c-81c1-bcd1ac33c03a,ADVERTISING AND BRAND PRODUCTION,3,ICSE 10,,,,,,,,,,,,,
130e273a-1424-416c-81c1-bcd1ac33c03a,SALES AND SELLING PROCESS,4,ICSE 10,,,,,,,,,,,,,
130e273a-1424-416c-81c1-bcd1ac33c03a,GENERALLY ACCEPTED ACCOUNTING PRINCIPLES,5,ICSE 10,,,,,,,,,,,,,
130e273a-1424-416c-81c1-bcd1ac33c03a,FINANCIAL ACCOUNTING AND REPORTION,6,ICSE 10,,,,,,,,,,,,,
130e273a-1424-416c-81c1-bcd1ac33c03a,BANKING AND BANK TRANSACTIONS,7,ICSE 10,,,,,,,,,,,,,
130e273a-1424-416c-81c1-bcd1ac33c03a,FUNDAMENTAL CONCEPTS OF COST,8,ICSE 10,,,,,,,,,,,,,
130e273a-1424-416c-81c1-bcd1ac33c03a,IMPORTANCE OF HUMAN RESOURCES,9,ICSE 10,,,,,,,,,,,,,
130e273a-1424-416c-81c1-bcd1ac33c03a,RECRUITMENT SELECTION AND TRAINING,10,ICSE 10,,,,,,,,,,,,,
130e273a-1424-416c-81c1-bcd1ac33c03a,PUBLIC RELATION,11,ICSE 10,,,,,,,,,,,,,
130e273a-1424-416c-81c1-bcd1ac33c03a,ISSUES OF THE ENVIRONMENT,12,ICSE 10,,,,,,,,,,,,,
25756caa-810d-4021-afea-2e727d31add5,MEASUREMENT & EXPERIMENTATION ,1,ICSE 9,READ TEXTBOOK ,MAKE NOTES OF FORMULAS AND UNIT TBLE,SOLVED EXAMPLES FROM TEXTBOOK,ALL LWS,DREAM 90 MCQ AND AR,DREAM 90 PP MCQ,DREAM 90 PP SUBJECTIVE,,,,,,
25756caa-810d-4021-afea-2e727d31add5,MOTION IN 1D,2,ICSE 9,MAKE FORMULA LIST,SOLVED EXAMPLES FROM TEXTBOOK,PRACTISE ALL GRAPH 3 TIMES,BOOK BACK QUESTIONS,ALL LWS,DREAM 90 MCQ AND AR,DREAM 90 PP MCQ,DREAM 90 PP SUBJECTIVE,DO ALL SOLVED NUMERICALS FROM D90,,,,
25756caa-810d-4021-afea-2e727d31add5,LAWS OF MOTION ,3,ICSE 9,READ TEXTBOOK ,SOLVED EXAMPLES FROM TEXTBOOK,BOOK BACK QUESTIONS,ALL LWS,DREAM 90 MCQ AND AR,DREAM 90 PP MCQ,DREAM 90 PP SUBJECTIVE,,,,,,
25756caa-810d-4021-afea-2e727d31add5,PRESSURE IN FLUIDS & ATMOSPHERIC PRESSURE ,4,ICSE 9,READ TEXTBOOK ,SOLVED EXAMPLES FROM TEXTBOOK,BOOK BACK QUESTIONS,ALL LWS,DREAM 90 MCQ AND AR,DREAM 90 PP MCQ,DREAM 90 PP SUBJECTIVE,,,,,,
25756caa-810d-4021-afea-2e727d31add5,"UPTHRUST IN FLUIDS, ARCHIMEDES PRINCUPLE AND FLOATATION",5,ICSE 9,READ TEXTBOOK ,MAKE FORMULA LIST,SOLVED EXAMPLES FROM TEXTBOOK,SOLVED NUMERICALS FROM D90,ALL LWS,DREAM 90 MCQ AND AR,DREAM 90 PP MCQ,DREAM 90 PP SUBJECTIVE,,,,,
25756caa-810d-4021-afea-2e727d31add5,HEAT & ENERGY ,6,ICSE 9,READ TEXTBOOK ,SOLVED EXAMPLES FROM TEXTBOOK,BOOK BACK QUESTIONS,ALL LWS,DREAM 90 MCQ AND AR,DREAM 90 PP MCQ,DREAM 90 PP SUBJECTIVE,,,,,,
25756caa-810d-4021-afea-2e727d31add5,REFLECTION OF LIGHT ,7,ICSE 9,READ TEXTBOOK ,DRAW ALL DIAGRAMS 3 TIMES,SOLVED EXAMPLES FROM TEXTBOOK,BOOK BACK QUESTIONS,ALL LWS,DREAM 90 MCQ AND AR,DREAM 90 PP MCQ,DREAM 90 PP SUBJECTIVE,DO ALL SOLVED NUMERICALS FROM D90,,,,
25756caa-810d-4021-afea-2e727d31add5,PROPAGATION OF SOUND WAVES,8,ICSE 9,READ TEXTBOOK ,SOLVED EXAMPLES FROM TEXTBOOK,BOOK BACK QUESTIONS,ALL LWS,DREAM 90 MCQ AND AR,DREAM 90 PP MCQ,DREAM 90 PP SUBJECTIVE,,,,,,
25756caa-810d-4021-afea-2e727d31add5,CURRENT ELECTRICITY ,9,ICSE 9,READ TEXTBOOK ,SOLVED EXAMPLES FROM TEXTBOOK,BOOK BACK QUESTIONS,ALL LWS,DREAM 90 MCQ AND AR,DREAM 90 PP MCQ,DREAM 90 PP SUBJECTIVE,,,,,,
25756caa-810d-4021-afea-2e727d31add5,MAGNETISM ,10,ICSE 9,READ TEXTBOOK ,SOLVED EXAMPLES FROM TEXTBOOK,BOOK BACK QUESTIONS,ALL LWS,DREAM 90 MCQ AND AR,DREAM 90 PP MCQ,DREAM 90 PP SUBJECTIVE,PRACTISE ALL MAGNETIC FIELDS 3 TIMES,,,,,
6e68f3b2-c3e0-47be-b42b-966a2c4575bb,THE LANGUAGE OF CHEMISTRY ,1,ICSE 9,WRITE ALL MOLECULAR FORMULAS 5 TIMES,READ CLASS NOTES,BOOK BACK QUESTIONS,ALL LWS,DREAM 90 MCQ AND AR,DREAM 90 PP MCQ,DREAM 90 PP SUBJECTIVE,,,,,,
6e68f3b2-c3e0-47be-b42b-966a2c4575bb,CHEMICAL CHANGES & REACTIONS ,2,ICSE 9,PRACTISE ALL REACTIONS 3 TIMES,READ CLASS NOTES,BOOK BACK QUESTIONS,ALL LWS,DREAM 90 MCQ AND AR,DREAM 90 PP MCQ,DREAM 90 PP SUBJECTIVE,,,,,,
6e68f3b2-c3e0-47be-b42b-966a2c4575bb,WATER ,3,ICSE 9,READ CLASS NOTES,BOOK BACK QUESTIONS,ALL LWS,DREAM 90 MCQ AND AR,DREAM 90 PP MCQ,DREAM 90 PP SUBJECTIVE,,,,,,,
6e68f3b2-c3e0-47be-b42b-966a2c4575bb,ATOMIC STRUCTURE & CHEMICAL BONDING ,4,ICSE 9,PRACTISE ALL STRUCTURES 3 TIMES,READ CLASS NOTES,BOOK BACK QUESTIONS,ALL LWS,DREAM 90 MCQ AND AR,DREAM 90 PP MCQ,DREAM 90 PP SUBJECTIVE,,,,,,
6e68f3b2-c3e0-47be-b42b-966a2c4575bb,THE PERIODIC TABLE ,5,ICSE 9,READ CLASS NOTES,BOOK BACK QUESTIONS,ALL LWS,DREAM 90 MCQ AND AR,DREAM 90 PP MCQ,DREAM 90 PP SUBJECTIVE,,,,,,,
6e68f3b2-c3e0-47be-b42b-966a2c4575bb,STUDY OF THE FIRST ELEMENT (HYDROGEN),6,ICSE 9,READ CLASS NOTES,BOOK BACK QUESTIONS,ALL LWS,DREAM 90 MCQ AND AR,DREAM 90 PP MCQ,DREAM 90 PP SUBJECTIVE,,,,,,,
6e68f3b2-c3e0-47be-b42b-966a2c4575bb,STUDY OF THE GAS LAWS,7,ICSE 9,MAKE FORMULA LIST,SOLVED EXAMPLES FROM TEXTBOOK,BOOK BACK QUESTIONS,ALL LWS,DREAM 90 MCQ AND AR,DREAM 90 PP MCQ,DREAM 90 PP SUBJECTIVE,ALL SOLVED EXAMPLES FROM D90,,,,,
6e68f3b2-c3e0-47be-b42b-966a2c4575bb,ATMOSPHERIC POLLUTION ,8,ICSE 9,READ CLASS NOTES,BOOK BACK QUESTIONS,ALL LWS,DREAM 90 MCQ AND AR,DREAM 90 PP MCQ,DREAM 90 PP SUBJECTIVE,,,,,,,
6e68f3b2-c3e0-47be-b42b-966a2c4575bb,PRACTICAL CHEMISTRY,9,ICSE 9,WRITE ALL TESTS 3 TIMES,READ CLASS NOTES,BOOK BACK QUESTIONS,ALL LWS,DREAM 90 MCQ AND AR,DREAM 90 PP MCQ,DREAM 90 PP SUBJECTIVE,,,,,,
2ebdaa7f-4530-4b1a-bb28-4c027cfaa44e,RATIONAL AND IRRATIONAL NUMBER,1,ICSE 9,,,,,,,,,,,,,
2ebdaa7f-4530-4b1a-bb28-4c027cfaa44e,COMPOUND INTEREST (WITHOUT USING FORMULA),2,ICSE 9,,,,,,,,,,,,,
2ebdaa7f-4530-4b1a-bb28-4c027cfaa44e,COMPOUND INTEREST (USING FORMULA),3,ICSE 9,,,,,,,,,,,,,
2ebdaa7f-4530-4b1a-bb28-4c027cfaa44e,EXPANSION ,4,ICSE 9,,,,,,,,,,,,,
2ebdaa7f-4530-4b1a-bb28-4c027cfaa44e,FACTORISATION ,5,ICSE 9,,,,,,,,,,,,,
2ebdaa7f-4530-4b1a-bb28-4c027cfaa44e,SIMULTANEOUS EQUATIONS ,6,ICSE 9,,,,,,,,,,,,,
2ebdaa7f-4530-4b1a-bb28-4c027cfaa44e,INDICES,7,ICSE 9,,,,,,,,,,,,,
2ebdaa7f-4530-4b1a-bb28-4c027cfaa44e,LOGARITHMS,8,ICSE 9,,,,,,,,,,,,,
2ebdaa7f-4530-4b1a-bb28-4c027cfaa44e,TRIANGLES ,9,ICSE 9,,,,,,,,,,,,,
2ebdaa7f-4530-4b1a-bb28-4c027cfaa44e,ISOSCELES TRIANGLE ,10,ICSE 9,,,,,,,,,,,,,
2ebdaa7f-4530-4b1a-bb28-4c027cfaa44e,INEQUALITIES ,11,ICSE 9,,,,,,,,,,,,,
2ebdaa7f-4530-4b1a-bb28-4c027cfaa44e,MID POINT THEOREM AND ITS CNVERSE,12,ICSE 9,,,,,,,,,,,,,
2ebdaa7f-4530-4b1a-bb28-4c027cfaa44e,PYTHAGORAS THEOREM ,13,ICSE 9,,,,,,,,,,,,,
2ebdaa7f-4530-4b1a-bb28-4c027cfaa44e,RECTILINEAR FIGURES,14,ICSE 9,,,,,,,,,,,,,
2ebdaa7f-4530-4b1a-bb28-4c027cfaa44e,CONSTRUCTION OF POLYGONS,15,ICSE 9,,,,,,,,,,,,,
2ebdaa7f-4530-4b1a-bb28-4c027cfaa44e,AREA THORNS,16,ICSE 9,,,,,,,,,,,,,
2ebdaa7f-4530-4b1a-bb28-4c027cfaa44e,CIRCLES ,17,ICSE 9,,,,,,,,,,,,,
2ebdaa7f-4530-4b1a-bb28-4c027cfaa44e,STATISTICS ,18,ICSE 9,,,,,,,,,,,,,
2ebdaa7f-4530-4b1a-bb28-4c027cfaa44e,MEAN AND MEDIAN,19,ICSE 9,,,,,,,,,,,,,
2ebdaa7f-4530-4b1a-bb28-4c027cfaa44e,AREA AND PERIMETER OF PLANE FIGURE,20,ICSE 9,,,,,,,,,,,,,
2ebdaa7f-4530-4b1a-bb28-4c027cfaa44e,SOLIDS,21,ICSE 9,,,,,,,,,,,,,
2ebdaa7f-4530-4b1a-bb28-4c027cfaa44e,TRIGONOMETRICAL RATIO,22,ICSE 9,,,,,,,,,,,,,
2ebdaa7f-4530-4b1a-bb28-4c027cfaa44e,TRIGONOMETRYCAL RATIOS AND STANDARD ANGLES,23,ICSE 9,,,,,,,,,,,,,
2ebdaa7f-4530-4b1a-bb28-4c027cfaa44e,SOLUTION OF RIGHT ANGLES,24,ICSE 9,,,,,,,,,,,,,
2ebdaa7f-4530-4b1a-bb28-4c027cfaa44e,COMPLEMENTARY ANGLES,25,ICSE 9,,,,,,,,,,,,,
2ebdaa7f-4530-4b1a-bb28-4c027cfaa44e,COORDINATE GEOMETRY ,26,ICSE 9,,,,,,,,,,,,,
2ebdaa7f-4530-4b1a-bb28-4c027cfaa44e,GRAPHICAL SOLUTION,27,ICSE 9,,,,,,,,,,,,,
2ebdaa7f-4530-4b1a-bb28-4c027cfaa44e,DISTANCES FORMULA ,28,ICSE 9,,,,,,,,,,,,,
2ebdaa7f-4530-4b1a-bb28-4c027cfaa44e,SIMPLE 2 D ,29,ICSE 9,,,,,,,,,,,,,
94f7757d-6de1-4031-a022-09a3b1418f71,CELL : THE UNIT OF LIFE,1,ICSE 9,,,,,,,,,,,,,
94f7757d-6de1-4031-a022-09a3b1418f71,TISSUES : PLANT AND ANIMAL TISSUE ,2,ICSE 9,,,,,,,,,,,,,
94f7757d-6de1-4031-a022-09a3b1418f71,THE FLOWER,3,ICSE 9,,,,,,,,,,,,,
94f7757d-6de1-4031-a022-09a3b1418f71,POLLINATION AND FERTILIZATION,4,ICSE 9,,,,,,,,,,,,,
94f7757d-6de1-4031-a022-09a3b1418f71,SEEDS-STRUCTURE AND GERMINATION ,5,ICSE 9,,,,,,,,,,,,,
94f7757d-6de1-4031-a022-09a3b1418f71,RESPIRATION IN PLANTS,6,ICSE 9,,,,,,,,,,,,,
94f7757d-6de1-4031-a022-09a3b1418f71,KINGDOM ANAMALIA,7,ICSE 9,,,,,,,,,,,,,
94f7757d-6de1-4031-a022-09a3b1418f71,ECO IMPORTANCE OF BACTERIA,8,ICSE 9,,,,,,,,,,,,,
94f7757d-6de1-4031-a022-09a3b1418f71,ECO IMPORTANCE OF FUNGI ,9,ICSE 9,,,,,,,,,,,,,
94f7757d-6de1-4031-a022-09a3b1418f71,NUTRITION,10,ICSE 9,,,,,,,,,,,,,
94f7757d-6de1-4031-a022-09a3b1418f71,DIGESTIVE SYSTEM ,11,ICSE 9,,,,,,,,,,,,,
94f7757d-6de1-4031-a022-09a3b1418f71,SKELETON ,12,ICSE 9,,,,,,,,,,,,,
94f7757d-6de1-4031-a022-09a3b1418f71,SKIN ,13,ICSE 9,,,,,,,,,,,,,
94f7757d-6de1-4031-a022-09a3b1418f71,HYGIENE ,14,ICSE 9,,,,,,,,,,,,,
94f7757d-6de1-4031-a022-09a3b1418f71,DISEASES AND CONTROL ,15,ICSE 9,,,,,,,,,,,,,
94f7757d-6de1-4031-a022-09a3b1418f71,AIDS TO HEALTH ,16,ICSE 9,,,,,,,,,,,,,
94f7757d-6de1-4031-a022-09a3b1418f71,HEALTH ORGANISATIONS ,17,ICSE 9,,,,,,,,,,,,,
b2c59e14-3c3a-4b24-a979-34ff7fac5ad0,POEMS,1,ICSE 9,Textbook Reading ,Memorize Most Important Phrases and Meanings,Identify Figures of Speech,Learn Answers from Dream 90,Solve MCQs related to Figures of Speech,,,,,,,,
b2c59e14-3c3a-4b24-a979-34ff7fac5ad0,A WORK OF ARITIFICE,2,ICSE 9,Textbook Reading ,Memorize Most Important Phrases and Meanings,Identify Figures of Speech,Learn Answers from Dream 90,Solve MCQs related to Figures of Speech,,,,,,,,
b2c59e14-3c3a-4b24-a979-34ff7fac5ad0,SKIMBLESHANKS THE RAILWAY,3,ICSE 9,Textbook Reading ,Memorize Most Important Phrases and Meanings,Identify Figures of Speech,Learn Answers from Dream 90,Solve MCQs related to Figures of Speech,,,,,,,,
b2c59e14-3c3a-4b24-a979-34ff7fac5ad0,"I REMEMBER, I REMEMBER",4,ICSE 9,Textbook Reading ,Memorize Most Important Phrases and Meanings,Identify Figures of Speech,Learn Answers from Dream 90,Solve MCQs related to Figures of Speech,,,,,,,,
b2c59e14-3c3a-4b24-a979-34ff7fac5ad0,"A DOCTOR’S JOURNAL ENTRY ENTRY FOR AUGUST6, 1995",5,ICSE 9,Textbook Reading ,Memorize Most Important Phrases and Meanings,Identify Figures of Speech,Learn Answers from Dream 90,Solve MCQs related to Figures of Speech,,,,,,,,
b2c59e14-3c3a-4b24-a979-34ff7fac5ad0,THE NIGHT MAIL,6,ICSE 9,Textbook Reading ,Memorize Most Important Phrases and Meanings,Identify Figures of Speech,Learn Answers from Dream 90,Solve MCQs related to Figures of Speech,,,,,,,,
b2c59e14-3c3a-4b24-a979-34ff7fac5ad0,STORIES,7,ICSE 9,,,,,,,,,,,,,
b2c59e14-3c3a-4b24-a979-34ff7fac5ad0,BONKU BABU’S FRIREND,8,ICSE 9,Textbook Reading,Memorize Most Important Phrases and Meanings,Understand the Sequence of Events,Learn Answers from Dream 90,Solve MCQs related to Sequence and Assertion - Reason,,,,,,,,
b2c59e14-3c3a-4b24-a979-34ff7fac5ad0,OLIVER ASKS FOR MORE,9,ICSE 9,Textbook Reading,Memorize Most Important Phrases and Meanings,Understand the Sequence of Events,Learn Answers from Dream 90,Solve MCQs related to Sequence and Assertion - Reason,,,,,,,,
b2c59e14-3c3a-4b24-a979-34ff7fac5ad0,THE MODEL MILLIONAIRE,10,ICSE 9,Textbook Reading,Memorize Most Important Phrases and Meanings,Understand the Sequence of Events,Learn Answers from Dream 90,Solve MCQs related to Sequence and Assertion - Reason,,,,,,,,
b2c59e14-3c3a-4b24-a979-34ff7fac5ad0,THE HOME COMING,11,ICSE 9,Textbook Reading,Memorize Most Important Phrases and Meanings,Understand the Sequence of Events,Learn Answers from Dream 90,Solve MCQs related to Sequence and Assertion - Reason,,,,,,,,
b2c59e14-3c3a-4b24-a979-34ff7fac5ad0,THE BOY WHO BROKE THE BANK,12,ICSE 9,Textbook Reading,Memorize Most Important Phrases and Meanings,Understand the Sequence of Events,Learn Answers from Dream 90,Solve MCQs related to Sequence and Assertion - Reason,,,,,,,,
b2c59e14-3c3a-4b24-a979-34ff7fac5ad0,JULIUS,13,ICSE 9,,,,,,,,,,,,,
b2c59e14-3c3a-4b24-a979-34ff7fac5ad0,ACT 1 SCENE-1,14,ICSE 9,Textbook Reading,Memorize Most Important Phrases and Meanings,Study the Greek and Roman References,Learn Answers from Dream 90,Solve MCQs related to Assertion - Reason,,,,,,,,
b2c59e14-3c3a-4b24-a979-34ff7fac5ad0,ACT 1 SCENE-2,15,ICSE 9,Textbook Reading,Memorize Most Important Phrases and Meanings,Study the Greek and Roman References,Learn Answers from Dream 90,Solve MCQs related to Assertion - Reason,,,,,,,,
b2c59e14-3c3a-4b24-a979-34ff7fac5ad0,ACT 1 SCENE-3,16,ICSE 9,Textbook Reading,Memorize Most Important Phrases and Meanings,Study the Greek and Roman References,Learn Answers from Dream 90,Solve MCQs related to Assertion - Reason,,,,,,,,
b2c59e14-3c3a-4b24-a979-34ff7fac5ad0,ACT 2 SCENE-1,17,ICSE 9,Textbook Reading,Memorize Most Important Phrases and Meanings,Study the Greek and Roman References,Learn Answers from Dream 90,Solve MCQs related to Assertion - Reason,,,,,,,,
b2c59e14-3c3a-4b24-a979-34ff7fac5ad0,ACT 2 SCENE-2,18,ICSE 9,Textbook Reading,Memorize Most Important Phrases and Meanings,Study the Greek and Roman References,Learn Answers from Dream 90,Solve MCQs related to Assertion - Reason,,,,,,,,
b2c59e14-3c3a-4b24-a979-34ff7fac5ad0,ACT 2 SCENE-3,19,ICSE 9,Textbook Reading,Memorize Most Important Phrases and Meanings,Study the Greek and Roman References,Learn Answers from Dream 90,Solve MCQs related to Assertion - Reason,,,,,,,,
b2c59e14-3c3a-4b24-a979-34ff7fac5ad0,ACT 2 SCENE-4,20,ICSE 9,Textbook Reading,Memorize Most Important Phrases and Meanings,Study the Greek and Roman References,Learn Answers from Dream 90,Solve MCQs related to Assertion - Reason,,,,,,,,
5fca5c89-fdf7-4439-bab5-d0f3f3d3f257,EMAIL & NOTICE WRITING ,1,ICSE 9,Write down Board Approved Format,Write down 2 Specimens and get it checked,Write 5 topics from Dream 90 to build confidence,Solve the questions from Board Papers,Solve similar questions from Total English,Solve Worksheets given by the teacher,,,,,,,
5fca5c89-fdf7-4439-bab5-d0f3f3d3f257,FORMAL & INFORMAL LETTER WRITING ,2,ICSE 9,Write down Board Approved Format,Write down 2 Specimens and get it checked,Write 5 topics from Dream 90 to build confidence,Solve the questions from Board Papers,Solve similar questions from Total English,Solve Worksheets given by the teacher,,,,,,,
5fca5c89-fdf7-4439-bab5-d0f3f3d3f257,SUBJECT VERB ,3,ICSE 9,Understand the topic in class,Solve worksheets given by the teacher on the topic,Solve questions from Dream 90,Solve similar questions from Board Papers,Solve similar questions from Total English,Solve Worksheets given by the teacher,,,,,,,
5fca5c89-fdf7-4439-bab5-d0f3f3d3f257,PREPOSITION ,4,ICSE 9,Understand the topic in class,Solve worksheets given by the teacher on the topic,Solve questions from Dream 90,Solve similar questions from Board Papers,Solve similar questions from Total English,Solve Worksheets given by the teacher,,,,,,,
5fca5c89-fdf7-4439-bab5-d0f3f3d3f257,SYNTHESIS ,5,ICSE 9,Understand the topic in class,Solve worksheets given by the teacher on the topic,Solve questions from Dream 90,Solve similar questions from Board Papers,Solve similar questions from Total English,Solve Worksheets given by the teacher,,,,,,,
5fca5c89-fdf7-4439-bab5-d0f3f3d3f257,TRANSFORMATION OF SENTENCES ,6,ICSE 9,Understand the topic in class,Solve worksheets given by the teacher on the topic,Solve questions from Dream 90,Solve similar questions from Board Papers,Solve similar questions from Total English,Solve Worksheets given by the teacher,,,,,,,
5fca5c89-fdf7-4439-bab5-d0f3f3d3f257,NO SOONER … THAN,7,ICSE 9,Understand the topic in class,Solve worksheets given by the teacher on the topic,Solve questions from Dream 90,Solve similar questions from Board Papers,Solve similar questions from Total English,Solve Worksheets given by the teacher,,,,,,,
5fca5c89-fdf7-4439-bab5-d0f3f3d3f257,HARDLY/ SCARCELY/ BARELY HAD … WHEN,8,ICSE 9,Understand the topic in class,Solve worksheets given by the teacher on the topic,Solve questions from Dream 90,Solve similar questions from Board Papers,Solve similar questions from Total English,Solve Worksheets given by the teacher,,,,,,,
5fca5c89-fdf7-4439-bab5-d0f3f3d3f257,REMOVE ‘TOO’ AND ADD TOO,9,ICSE 9,Understand the topic in class,Solve worksheets given by the teacher on the topic,Solve questions from Dream 90,Solve similar questions from Board Papers,Solve similar questions from Total English,Solve Worksheets given by the teacher,,,,,,,
5fca5c89-fdf7-4439-bab5-d0f3f3d3f257,IN SPITE/ DESPITE,10,ICSE 9,Understand the topic in class,Solve worksheets given by the teacher on the topic,Solve questions from Dream 90,Solve similar questions from Board Papers,Solve similar questions from Total English,Solve Worksheets given by the teacher,,,,,,,
5fca5c89-fdf7-4439-bab5-d0f3f3d3f257,ASSERTIVE TO EXCLAMATORY AND VICE VERSA,11,ICSE 9,Understand the topic in class,Solve worksheets given by the teacher on the topic,Solve questions from Dream 90,Solve similar questions from Board Papers,Solve similar questions from Total English,Solve Worksheets given by the teacher,,,,,,,
5fca5c89-fdf7-4439-bab5-d0f3f3d3f257,ASSERTIVE TO INTERROGATIVE AND VICE VERSA,12,ICSE 9,Understand the topic in class,Solve worksheets given by the teacher on the topic,Solve questions from Dream 90,Solve similar questions from Board Papers,Solve similar questions from Total English,Solve Worksheets given by the teacher,,,,,,,
5fca5c89-fdf7-4439-bab5-d0f3f3d3f257,LEST….SHOULD AND ALL OTHER TYPES OF TRANSFORMATIONS,13,ICSE 9,Understand the topic in class,Solve worksheets given by the teacher on the topic,Solve questions from Dream 90,Solve similar questions from Board Papers,Solve similar questions from Total English,Solve Worksheets given by the teacher,,,,,,,
5fca5c89-fdf7-4439-bab5-d0f3f3d3f257,ACTIVE PASSIVE VOICE ,14,ICSE 9,Understand the topic in class,Solve worksheets given by the teacher on the topic,Solve questions from Dream 90,Solve similar questions from Board Papers,Solve similar questions from Total English,Solve Worksheets given by the teacher,,,,,,,
5fca5c89-fdf7-4439-bab5-d0f3f3d3f257,DIRECT INDIRECT SPEECH,15,ICSE 9,Understand the topic in class,Solve worksheets given by the teacher on the topic,Solve questions from Dream 90,Solve similar questions from Board Papers,Solve similar questions from Total English,Solve Worksheets given by the teacher,,,,,,,
5fca5c89-fdf7-4439-bab5-d0f3f3d3f257,WORD FORM ,16,ICSE 9,Understand the topic in class,Solve worksheets given by the teacher on the topic,Solve questions from Dream 90,Solve similar questions from Board Papers,Solve similar questions from Total English,Solve Worksheets given by the teacher,,,,,,,
5fca5c89-fdf7-4439-bab5-d0f3f3d3f257,COMPREHENSION,17,ICSE 9,Understand the topic in class,Solve worksheets given by the teacher on the topic,Solve questions from Dream 90,Solve similar questions from Board Papers,Solve similar questions from Total English,Solve Worksheets given by the teacher,,,,,,,
5fca5c89-fdf7-4439-bab5-d0f3f3d3f257,DEGREES  OF COMPARISON,18,ICSE 9,Understand the topic in class,Solve worksheets given by the teacher on the topic,Solve questions from Dream 90,Solve similar questions from Board Papers,Solve similar questions from Total English,Solve Worksheets given by the teacher,,,,,,,
5fca5c89-fdf7-4439-bab5-d0f3f3d3f257,STORY WRITING,19,ICSE 9,Write down Board Approved Format,Write down 2 Specimens and get it checked,Solve topics from Dream 90,Solve similar questions from Board Papers,Solve similar questions from Total English,Solve Worksheets given by the teacher,,,,,,,
5fca5c89-fdf7-4439-bab5-d0f3f3d3f257,ARGUMENTATIVE ESSAY,20,ICSE 9,Write down Board Approved Format,Write down 2 Specimens and get it checked,Solve topics from Dream 90,Solve similar questions from Board Papers,Solve similar questions from Total English,Solve Worksheets given by the teacher,,,,,,,
5fca5c89-fdf7-4439-bab5-d0f3f3d3f257,DESCRIPTIVE ESSAY ,21,ICSE 9,Write down Board Approved Format,Write down 2 Specimens and get it checked,Solve topics from Dream 90,Solve similar questions from Board Papers,Solve similar questions from Total English,Solve Worksheets given by the teacher,,,,,,,
5fca5c89-fdf7-4439-bab5-d0f3f3d3f257,NARRATIVE ESSAY,22,ICSE 9,Write down Board Approved Format,Write down 2 Specimens and get it checked,Solve topics from Dream 90,Solve similar questions from Board Papers,Solve similar questions from Total English,Solve Worksheets given by the teacher,,,,,,,
5fca5c89-fdf7-4439-bab5-d0f3f3d3f257,PICTURE COMPOSTION ,23,ICSE 9,Write down Board Approved Format,Write down 2 Specimens and get it checked,Solve topics from Dream 90,Solve similar questions from Board Papers,Solve similar questions from Total English,Solve Worksheets given by the teacher,,,,,,,
5fca5c89-fdf7-4439-bab5-d0f3f3d3f257,ARTICLES,24,ICSE 9,Understand the topic in class,Solve worksheets given by the teacher on the topic,Solve questions from Dream 90,Solve similar questions from Board Papers,Solve similar questions from Total English,Solve Worksheets given by the teacher,,,,,,,
5fca5c89-fdf7-4439-bab5-d0f3f3d3f257,TENSES,25,ICSE 9,Understand the topic in class,Solve worksheets given by the teacher on the topic,Solve questions from Dream 90,Solve similar questions from Board Papers,Solve similar questions from Total English,Solve Worksheets given by the teacher,,,,,,,
5fca5c89-fdf7-4439-bab5-d0f3f3d3f257,GRID WRITNG,26,ICSE 9,Understand the topic in class,Solve worksheets given by the teacher on the topic,Solve questions from Dream 90,Solve similar questions from Board Papers,Solve similar questions from Total English,Solve Worksheets given by the teacher,,,,,,,
ff1cf713-e158-4080-8714-ea538dd8f453,HARAPPAN CIVILIZATION,1,ICSE 9,,,,,,,,,,,,,
ff1cf713-e158-4080-8714-ea538dd8f453,VEDIC PERIOD ,2,ICSE 9,,,,,,,,,,,,,
ff1cf713-e158-4080-8714-ea538dd8f453,JAINISM AND BUDDHISM ,3,ICSE 9,,,,,,,,,,,,,
ff1cf713-e158-4080-8714-ea538dd8f453,MAURYA EMPIRE ,4,ICSE 9,,,,,,,,,,,,,
ff1cf713-e158-4080-8714-ea538dd8f453,SANGAM AGE,5,ICSE 9,,,,,,,,,,,,,
ff1cf713-e158-4080-8714-ea538dd8f453,AGE OF GUPTA’S,6,ICSE 9,,,,,,,,,,,,,
ff1cf713-e158-4080-8714-ea538dd8f453,THE CHOLAS,7,ICSE 9,,,,,,,,,,,,,
ff1cf713-e158-4080-8714-ea538dd8f453,DELHI SULTANATE ,8,ICSE 9,,,,,,,,,,,,,
ff1cf713-e158-4080-8714-ea538dd8f453,MUGHAL EMPIRE ,9,ICSE 9,,,,,,,,,,,,,
ff1cf713-e158-4080-8714-ea538dd8f453,COMPOSITE CULTURE ,10,ICSE 9,,,,,,,,,,,,,
ff1cf713-e158-4080-8714-ea538dd8f453,RENAISSANCE ,11,ICSE 9,,,,,,,,,,,,,
ff1cf713-e158-4080-8714-ea538dd8f453,REFORMATION ,12,ICSE 9,,,,,,,,,,,,,
ff1cf713-e158-4080-8714-ea538dd8f453,INDUSTRIAL REVOLUTION ,13,ICSE 9,,,,,,,,,,,,,
d5684888-0dcc-4439-acf6-50fbcad8b8f7,OUR CONSTITUTION ,1,ICSE 9,,,,,,,,,,,,,
d5684888-0dcc-4439-acf6-50fbcad8b8f7,SALIENT FEATURES OF CONSTITUTION-1,2,ICSE 9,,,,,,,,,,,,,
d5684888-0dcc-4439-acf6-50fbcad8b8f7,SALIENT FEATURES OF CONSTITUTION-2,3,ICSE 9,,,,,,,,,,,,,
d5684888-0dcc-4439-acf6-50fbcad8b8f7,ELECTION ,4,ICSE 9,,,,,,,,,,,,,
d5684888-0dcc-4439-acf6-50fbcad8b8f7,LOCAL SELF-GOVERNMENT-RURAL,5,ICSE 9,,,,,,,,,,,,,
d5684888-0dcc-4439-acf6-50fbcad8b8f7,LOCAL SELF-GOVERNMENT-URBAN,6,ICSE 9,,,,,,,,,,,,,
2456fe3d-7ed5-4aaf-9fac-e295b97e155c,EARTH AS A PLANET,1,ICSE 9,,,,,,,,,,,,,
2456fe3d-7ed5-4aaf-9fac-e295b97e155c,GEOGRAPHIC GRID - LATITUDES & LONGITUDES,2,ICSE 9,,,,,,,,,,,,,
2456fe3d-7ed5-4aaf-9fac-e295b97e155c,ROTATION AND REVOLUTION ,3,ICSE 9,,,,,,,,,,,,,
2456fe3d-7ed5-4aaf-9fac-e295b97e155c,EARTH STRUCTURE ,4,ICSE 9,,,,,,,,,,,,,
2456fe3d-7ed5-4aaf-9fac-e295b97e155c,LANDFORM OF EARTH ,5,ICSE 9,,,,,,,,,,,,,
2456fe3d-7ed5-4aaf-9fac-e295b97e155c,ROCKS,6,ICSE 9,,,,,,,,,,,,,
2456fe3d-7ed5-4aaf-9fac-e295b97e155c,VOLCANOES ,7,ICSE 9,,,,,,,,,,,,,
2456fe3d-7ed5-4aaf-9fac-e295b97e155c,EARTHQUAKES ,8,ICSE 9,,,,,,,,,,,,,
2456fe3d-7ed5-4aaf-9fac-e295b97e155c,WEATHERING ,9,ICSE 9,,,,,,,,,,,,,
2456fe3d-7ed5-4aaf-9fac-e295b97e155c,DENUDATION,10,ICSE 9,,,,,,,,,,,,,
2456fe3d-7ed5-4aaf-9fac-e295b97e155c,HYDROPHERE,11,ICSE 9,,,,,,,,,,,,,
2456fe3d-7ed5-4aaf-9fac-e295b97e155c,COMPOSITION AND STRUCTURE OF THE EARTH ,12,ICSE 9,,,,,,,,,,,,,
2456fe3d-7ed5-4aaf-9fac-e295b97e155c,INSOLATION,13,ICSE 9,,,,,,,,,,,,,
2456fe3d-7ed5-4aaf-9fac-e295b97e155c,ATMOSPHERIC PRESSURE AND WINDS,14,ICSE 9,,,,,,,,,,,,,
2456fe3d-7ed5-4aaf-9fac-e295b97e155c,HUMIDITY ,15,ICSE 9,,,,,,,,,,,,,
2456fe3d-7ed5-4aaf-9fac-e295b97e155c,POLLUTION ,16,ICSE 9,,,,,,,,,,,,,
2456fe3d-7ed5-4aaf-9fac-e295b97e155c,SOURCES OF POLLUTION ,17,ICSE 9,,,,,,,,,,,,,
2456fe3d-7ed5-4aaf-9fac-e295b97e155c,EFFECTS OF POLLUTION ,18,ICSE 9,,,,,,,,,,,,,
2456fe3d-7ed5-4aaf-9fac-e295b97e155c,PREVENTIVE MEASURES ,19,ICSE 9,,,,,,,,,,,,,
2456fe3d-7ed5-4aaf-9fac-e295b97e155c,NATURAL REGIONS OF THE WORLD,20,ICSE 9,,,,,,,,,,,,,
2456fe3d-7ed5-4aaf-9fac-e295b97e155c,WORLD MAP,21,ICSE 9,,,,,,,,,,,,,
3b937a53-139c-4800-86a1-e04a9939f1ed,EKANKI SANCHAY,1,ICSE 9,,,,,,,,,,,,,
3b937a53-139c-4800-86a1-e04a9939f1ed,SANSKAR AUR BHAVNA,2,ICSE 9,,,,,,,,,,,,,
3b937a53-139c-4800-86a1-e04a9939f1ed,BAHU KI VIDA,3,ICSE 9,,,,,,,,,,,,,
3b937a53-139c-4800-86a1-e04a9939f1ed,MATRABHUMI KA MAAN,4,ICSE 9,,,,,,,,,,,,,
3b937a53-139c-4800-86a1-e04a9939f1ed,SUKHI DAALI,5,ICSE 9,,,,,,,,,,,,,
3b937a53-139c-4800-86a1-e04a9939f1ed,MAHABHARAT KI SANJH,6,ICSE 9,,,,,,,,,,,,,
3b937a53-139c-4800-86a1-e04a9939f1ed,DEEPDAN,7,ICSE 9,,,,,,,,,,,,,
3b937a53-139c-4800-86a1-e04a9939f1ed,SAHITYA SAGAR,8,ICSE 9,,,,,,,,,,,,,
3b937a53-139c-4800-86a1-e04a9939f1ed,BAAT ATTHANI KI,9,ICSE 9,,,,,,,,,,,,,
3b937a53-139c-4800-86a1-e04a9939f1ed,KAKI,10,ICSE 9,,,,,,,,,,,,,
3b937a53-139c-4800-86a1-e04a9939f1ed,MAHAYAGYA KA PURASKAR,11,ICSE 9,,,,,,,,,,,,,
3b937a53-139c-4800-86a1-e04a9939f1ed,NETAJI KA CHASHMA ,12,ICSE 9,,,,,,,,,,,,,
3b937a53-139c-4800-86a1-e04a9939f1ed,APNA APNA BHAGYA,13,ICSE 9,,,,,,,,,,,,,
3b937a53-139c-4800-86a1-e04a9939f1ed,BADE GHAR KI BETI,14,ICSE 9,,,,,,,,,,,,,
3b937a53-139c-4800-86a1-e04a9939f1ed,SANDEH,15,ICSE 9,,,,,,,,,,,,,
3b937a53-139c-4800-86a1-e04a9939f1ed,BHEED ME KHOYA EK AADMI,16,ICSE 9,,,,,,,,,,,,,
3b937a53-139c-4800-86a1-e04a9939f1ed,BHEDE AUR BHEDIYE,17,ICSE 9,,,,,,,,,,,,,
3b937a53-139c-4800-86a1-e04a9939f1ed,DO KALAKAR,18,ICSE 9,,,,,,,,,,,,,
3b937a53-139c-4800-86a1-e04a9939f1ed,POEM,19,ICSE 9,,,,,,,,,,,,,
3b937a53-139c-4800-86a1-e04a9939f1ed,SAKHI,20,ICSE 9,,,,,,,,,,,,,
3b937a53-139c-4800-86a1-e04a9939f1ed,GIRIDHAR KI KUNDALIYA,21,ICSE 9,,,,,,,,,,,,,
3b937a53-139c-4800-86a1-e04a9939f1ed,SWARG BANA  SAKHTE HE,22,ICSE 9,,,,,,,,,,,,,
3b937a53-139c-4800-86a1-e04a9939f1ed,VAHA JALMA BHUMI MERI,23,ICSE 9,,,,,,,,,,,,,
3b937a53-139c-4800-86a1-e04a9939f1ed,MEGH AYE,24,ICSE 9,,,,,,,,,,,,,
3b937a53-139c-4800-86a1-e04a9939f1ed,SUR KE PAD,25,ICSE 9,,,,,,,,,,,,,
3b937a53-139c-4800-86a1-e04a9939f1ed,VINAY KE PAD,26,ICSE 9,,,,,,,,,,,,,
3b937a53-139c-4800-86a1-e04a9939f1ed,BHIKSHUK,27,ICSE 9,,,,,,,,,,,,,
3b937a53-139c-4800-86a1-e04a9939f1ed,CHALNA HAMARA KAM HE,28,ICSE 9,,,,,,,,,,,,,
3b937a53-139c-4800-86a1-e04a9939f1ed,MARTRU MANDIR KI OUR,29,ICSE 9,,,,,,,,,,,,,
3b937a53-139c-4800-86a1-e04a9939f1ed,WRITING SKILL ,30,ICSE 9,,,,,,,,,,,,,
3b937a53-139c-4800-86a1-e04a9939f1ed,ESSAY WRITING ,31,ICSE 9,,,,,,,,,,,,,
3b937a53-139c-4800-86a1-e04a9939f1ed,LETTER WRITING ,32,ICSE 9,,,,,,,,,,,,,
3b937a53-139c-4800-86a1-e04a9939f1ed,GRAMMAR,33,ICSE 9,,,,,,,,,,,,,
3b937a53-139c-4800-86a1-e04a9939f1ed,LING,34,ICSE 9,,,,,,,,,,,,,
3b937a53-139c-4800-86a1-e04a9939f1ed,VACHAN,35,ICSE 9,,,,,,,,,,,,,
3b937a53-139c-4800-86a1-e04a9939f1ed,BHAV VACHAK,36,ICSE 9,,,,,,,,,,,,,
3b937a53-139c-4800-86a1-e04a9939f1ed,VISHESHAN,37,ICSE 9,,,,,,,,,,,,,
3b937a53-139c-4800-86a1-e04a9939f1ed,PARYAYVACHI,38,ICSE 9,,,,,,,,,,,,,
3b937a53-139c-4800-86a1-e04a9939f1ed,VILOM,39,ICSE 9,,,,,,,,,,,,,
3b937a53-139c-4800-86a1-e04a9939f1ed,ANEK SHABDO EK SHABD ,40,ICSE 9,,,,,,,,,,,,,
3b937a53-139c-4800-86a1-e04a9939f1ed,KAAL ,41,ICSE 9,,,,,,,,,,,,,
3b937a53-139c-4800-86a1-e04a9939f1ed,VAKYA KE BHED ,42,ICSE 9,,,,,,,,,,,,,
3b937a53-139c-4800-86a1-e04a9939f1ed,VARTANI KI SAMANY ASHUDHIYAN (ASHUDH SHODHAN),43,ICSE 9,,,,,,,,,,,,,
3b937a53-139c-4800-86a1-e04a9939f1ed,MUHAVARE,44,ICSE 9,,,,,,,,,,,,,
3b937a53-139c-4800-86a1-e04a9939f1ed,VAKYA PARIVARTAN ,45,ICSE 9,,,,,,,,,,,,,
0acc04d2-b00b-4253-9b3d-91f06659c78c,COMMERCIAL AND NON-COMMERCIAL ACTIVITIES,1,ICSE 9,,,,,,,,,,,,,
0acc04d2-b00b-4253-9b3d-91f06659c78c,BUSINESS ACTIVITIES,2,ICSE 9,,,,,,,,,,,,,
0acc04d2-b00b-4253-9b3d-91f06659c78c,PROFIT AND NONPROFIT ORGANIZATION,3,ICSE 9,,,,,,,,,,,,,
0acc04d2-b00b-4253-9b3d-91f06659c78c,CLASSIFICATION OF COMMERCIAL ORGANIZATION,4,ICSE 9,,,,,,,,,,,,,
0acc04d2-b00b-4253-9b3d-91f06659c78c,SOLE PROPRIETORSHIP,5,ICSE 9,,,,,,,,,,,,,
0acc04d2-b00b-4253-9b3d-91f06659c78c,PARTNERSHIP,6,ICSE 9,,,,,,,,,,,,,
0acc04d2-b00b-4253-9b3d-91f06659c78c,JOIN STOCK COMPANY,7,ICSE 9,,,,,,,,,,,,,
0acc04d2-b00b-4253-9b3d-91f06659c78c,COOPERATIVE SOCIETY,8,ICSE 9,,,,,,,,,,,,,
0acc04d2-b00b-4253-9b3d-91f06659c78c,PUBLIC SECTOR ENTERPRISES,9,ICSE 9,,,,,,,,,,,,,
0acc04d2-b00b-4253-9b3d-91f06659c78c,MARKETING AND SALES,10,ICSE 9,,,,,,,,,,,,,
0acc04d2-b00b-4253-9b3d-91f06659c78c,FINANCE AND ACCOUNTS,11,ICSE 9,,,,,,,,,,,,,
0acc04d2-b00b-4253-9b3d-91f06659c78c,HUMAN RESOURCE,12,ICSE 9,,,,,,,,,,,,,
0acc04d2-b00b-4253-9b3d-91f06659c78c,PRODUCTION,13,ICSE 9,,,,,,,,,,,,,
0acc04d2-b00b-4253-9b3d-91f06659c78c,PURCHASING AND STORES,14,ICSE 9,,,,,,,,,,,,,
0acc04d2-b00b-4253-9b3d-91f06659c78c,"GENERAL ADMINISTRATION, LEGAL COMPLIANCE AND MANAGEMENT ",15,ICSE 9,,,,,,,,,,,,,
0acc04d2-b00b-4253-9b3d-91f06659c78c,COMMUNICATION IN COMMERCIAL ORGANISATIONS,16,ICSE 9,,,,,,,,,,,,,
0acc04d2-b00b-4253-9b3d-91f06659c78c,VERBAL AND NON VERBAL COMMUNICATION,17,ICSE 9,,,,,,,,,,,,,
0acc04d2-b00b-4253-9b3d-91f06659c78c,DEFFERENT METHODS OF COMMUNICATION,18,ICSE 9,,,,,,,,,,,,,
0acc04d2-b00b-4253-9b3d-91f06659c78c,"MEAING,OBJECTIVES AND TERMINOLOGY OF ACCOUNTING",19,ICSE 9,,,,,,,,,,,,,
0acc04d2-b00b-4253-9b3d-91f06659c78c,BASIC ACCOUNTING PRINCIPLES AND CONCEPTS,20,ICSE 9,,,,,,,,,,,,,
0acc04d2-b00b-4253-9b3d-91f06659c78c,ACCOUNING TOOLS AND STATEMENTS,21,ICSE 9,,,,,,,,,,,,,
0acc04d2-b00b-4253-9b3d-91f06659c78c,BANKING ,22,ICSE 9,,,,,,,,,,,,,
0acc04d2-b00b-4253-9b3d-91f06659c78c,TRADE,23,ICSE 9,,,,,,,,,,,,,
0acc04d2-b00b-4253-9b3d-91f06659c78c,SOCIAL RESPONSIBILITY OF COMMERCIAL ORGANISATION TOWARDS THE ENVIRONMENTS,24,ICSE 9,,,,,,,,,,,,,
48dbdd15-f310-4366-81fb-c698d63bf5a9,INTRODUCTION TO ECONOMICS,1,ICSE 9, ,,,,,,,,,,,,
48dbdd15-f310-4366-81fb-c698d63bf5a9,BASICS ECONOMIC ENTITIES IN AN ECONOMY,2,ICSE 9,,,,,,,,,,,,,
48dbdd15-f310-4366-81fb-c698d63bf5a9,BASICS CONCEPT OF ECONOMIC ,3,ICSE 9,,,,,,,,,,,,,
48dbdd15-f310-4366-81fb-c698d63bf5a9,TYPES OF ECONOMIC ,4,ICSE 9,,,,,,,,,,,,,
48dbdd15-f310-4366-81fb-c698d63bf5a9,BASICS PROBLEM OF AN ECONOMIC ,5,ICSE 9,,,,,,,,,,,,,
48dbdd15-f310-4366-81fb-c698d63bf5a9,MAIN SECTOR OF INDIAN ECONOMIC ,6,ICSE 9,,,,,,,,,,,,,
48dbdd15-f310-4366-81fb-c698d63bf5a9,PRIMARY SECTOR AGRICULTURAL ,7,ICSE 9,,,,,,,,,,,,,
48dbdd15-f310-4366-81fb-c698d63bf5a9,SECONDARY SECTOR,8,ICSE 9,,,,,,,,,,,,,
48dbdd15-f310-4366-81fb-c698d63bf5a9,TERTIARY SECTOR,9,ICSE 9,,,,,,,,,,,,,
48dbdd15-f310-4366-81fb-c698d63bf5a9,POVERTY IN INDIA,10,ICSE 9,,,,,,,,,,,,,
48dbdd15-f310-4366-81fb-c698d63bf5a9,PROBLEM OF UNEMPLOYMENT IN INDIA,11,ICSE 9,,,,,,,,,,,,,
48dbdd15-f310-4366-81fb-c698d63bf5a9,LPG MODEL ,12,ICSE 9,,,,,,,,,,,,,
48dbdd15-f310-4366-81fb-c698d63bf5a9,EMERGENCY TREDS IN THE IN DIAN ECONOMY,13,ICSE 9,,,,,,,,,,,,,
532d0e36-b058-4dd7-9988-7b46d7813650,INTRODUCTION TO COMMERCIAL ORGANISATION ,1,ICSE 9,,,,,,,,,,,,,
532d0e36-b058-4dd7-9988-7b46d7813650,SOLE PROPRIETORSHIP & HINDU IN DIVIDED FAMILY BUSINESS ,2,ICSE 9,,,,,,,,,,,,,
532d0e36-b058-4dd7-9988-7b46d7813650,PARTNERSHIP ,3,ICSE 9,,,,,,,,,,,,,
532d0e36-b058-4dd7-9988-7b46d7813650,JOIN STOCK COMPANY ,4,ICSE 9,,,,,,,,,,,,,
532d0e36-b058-4dd7-9988-7b46d7813650,COOPERATIVE SOCIETY ,5,ICSE 9,,,,,,,,,,,,,
532d0e36-b058-4dd7-9988-7b46d7813650,PUBLIC SECTOR ENTERPRISES ,6,ICSE 9,,,,,,,,,,,,,
532d0e36-b058-4dd7-9988-7b46d7813650,FUNCTIONING OF A COMMERCIAL ORGANISATION,7,ICSE 9,,,,,,,,,,,,,
532d0e36-b058-4dd7-9988-7b46d7813650,COMMINICATION IN A COMMERCIAL ORAGANISTION,8,ICSE 9,,,,,,,,,,,,,
532d0e36-b058-4dd7-9988-7b46d7813650,WAYS OF COMMUNICATING,9,ICSE 9,,,,,,,,,,,,,
532d0e36-b058-4dd7-9988-7b46d7813650,TOOLS OF COMMUNICATION,10,ICSE 9,,,,,,,,,,,,,
532d0e36-b058-4dd7-9988-7b46d7813650,NATURE AND TERMINOLOGY OF ACCOUNTING,11,ICSE 9,,,,,,,,,,,,,
532d0e36-b058-4dd7-9988-7b46d7813650,ACCOUNTING RECORDS,12,ICSE 9,,,,,,,,,,,,,
532d0e36-b058-4dd7-9988-7b46d7813650,NATURAL RESOURCES,13,ICSE 9,,,,,,,,,,,,,
532d0e36-b058-4dd7-9988-7b46d7813650,DEPLETION OF RESOURCES,14,ICSE 9,,,,,,,,,,,,,
532d0e36-b058-4dd7-9988-7b46d7813650,PRACTICES FOR CONSERVATION OF RESOURCES,15,ICSE 9,,,,,,,,,,,,,
532d0e36-b058-4dd7-9988-7b46d7813650,INDUSTRIAL POLLUTION AND DEGRADATION OF ENVIRMENT,16,ICSE 9,,,,,,,,,,,,,
