Subject,Chapter_Number,Chapter_Name,Tasks,Batch
PHYSICS,1,FORCE,TEXTBOOK READING|TEXTBOOK SOLVED EXAMPLES|BOOK BACK QUESTIONS|ALL LWS|DREAM 90 MCQ AND AR|DREAM 90 PP MCQ|DREAM 90 PP SUBJECTIVE|DREAM 90 SOLVED NUMERICALS,ICSE 10
PHYSICS,2,"WORK, ENERGY & POWER",TEXTBOOK READING|TEXTBOOK SOLVED EXAMPLES|BOOK BACK QUESTIONS|ALL LWS|DREAM 90 MCQ AND AR|DREAM 90 PP MCQ|DREAM 90 PP SUBJECTIVE|DREAM 90 SOLVED NUMERICALS,ICSE 10
PHYSICS,3,MACHINE,TEXTBOOK READING|TEXTBOOK SOLVED EXAMPLES|BOOK BACK QUESTIONS|PRACTISE PULLEY DIAGRAMS|ALL LWS|DREAM 90 MCQ AND AR|DREAM 90 PP MCQ|DREAM 90 PP SUBJECTIVE|DREAM 90 SOLVED NUMERICALS,ICSE 10
PHYSICS,4,REFRACTION OF LIGHT AT PLANE SURFACE,TEXTBOOK READING|WRITE ALL FACTORS|TEXTBOOK SOLVED EXAMPLES|BOOK BACK QUESTIONS|PRACTISE ALL DIAGRAMS|ALL LWS|DREAM 90 MCQ AND AR|DREAM 90 PP MCQ|DREAM 90 PP SUBJECTIVE,ICSE 10
PHYSICS,5,REFRACTION THROUGH A LENS,TEXTBOOK READING|WRITE ALL FACTORS|TEXTBOOK SOLVED EXAMPLES|BOOK BACK QUESTIONS|PRACTISE ALL RAY DIAGRAMS|ALL LWS|DREAM 90 MCQ AND AR|DREAM 90 PP MCQ|DREAM 90 PP SUBJECTIVE|DREAM 90 SOLVED NUMERICALS,ICSE 10
PHYSICS,6,SPECTRUM,TEXTBOOK READING|DREAM 90 ALL GIVE REASONS|TEXTBOOK SOLVED EXAMPLES|BOOK BACK QUESTIONS|ALL LWS|DREAM 90 MCQ AND AR|DREAM 90 PP MCQ|DREAM 90 PP SUBJECTIVE,ICSE 10
PHYSICS,7,SOUND,TEXTBOOK READING|DREAM 90 ALL GIVE REASONS|TEXTBOOK SOLVED EXAMPLES|BOOK BACK QUESTIONS|ALL LWS|DREAM 90 MCQ AND AR|DREAM 90 PP MCQ|DREAM 90 PP SUBJECTIVE,ICSE 10
PHYSICS,8,CURRENT ELECTRICITY,TEXTBOOK READING|WRITE ALL FACTORS|TEXTBOOK SOLVED EXAMPLES|BOOK BACK QUESTIONS|ALL LWS|DREAM 90 MCQ AND AR|DREAM 90 PP MCQ|DREAM 90 PP SUBJECTIVE|DREAM 90 SOLVED NUMERICALS,ICSE 10
PHYSICS,9,HOUSEHOLD CIRCUITS,TEXTBOOK READING|WRITE ALL COLOR CODE|TEXTBOOK SOLVED EXAMPLES|BOOK BACK QUESTIONS|ALL LWS|DREAM 90 MCQ AND AR|DREAM 90 PP MCQ|DREAM 90 PP SUBJECTIVE,ICSE 10
PHYSICS,10,ELECTRO-MAGNETISM,TEXTBOOK READING|WRITE ALL FACTORS|TEXTBOOK SOLVED EXAMPLES|BOOK BACK QUESTIONS|ALL LWS|DREAM 90 MCQ AND AR|DREAM 90 PP MCQ|DREAM 90 PP SUBJECTIVE,ICSE 10
PHYSICS,11,CALORIMETRY,TEXTBOOK READING|TEXTBOOK SOLVED EXAMPLES|BOOK BACK QUESTIONS|ALL LWS|DREAM 90 MCQ AND AR|DREAM 90 PP MCQ|DREAM 90 PP SUBJECTIVE|DREAM 90 SOLVED NUMERICALS,ICSE 10
PHYSICS,12,RADIOACTIVITY,TEXTBOOK READING|WRITE ALL DEFINITIONS|TEXTBOOK SOLVED EXAMPLES|BOOK BACK QUESTIONS|ALL LWS|DREAM 90 MCQ AND AR|DREAM 90 PP MCQ|DREAM 90 PP SUBJECTIVE,ICSE 10
CHEMISTRY,1,PERIODIC TABLE,READ CLASS NOTES|MAKE LIST OF ALL TRENDS AND EXCEPTIONS|SOLVE BOOK BACK QUESTIONS|SOLVE DREAM 90 LWS|DREAM 90 MCQ AND AR|DREAM 90 PP SUBJECTIVE|DREAM 90 PP MCQ|READ ALL DREAM 90 SOLVED QUESTIONS,ICSE 10
CHEMISTRY,2,CHEMICAL BONDING,READ CLASS NOTES|DRAW ALL 10 STRUCTURES 3 TIMES|SOLVE BOOK BACK QUESTIONS|SOLVE DREAM 90 LWS|DREAM 90 MCQ AND AR|DREAM 90 PP SUBJECTIVE|DREAM 90 PP MCQ|READ ALL DREAM 90 SOLVED QUESTIONS,ICSE 10
CHEMISTRY,3 (A),"ACID, BASES AND SALTS",READ CLASS NOTES|WRITE ALL DEFINITIONS|SOLVE BOOK BACK QUESTIONS|SOLVE DREAM 90 LWS|DREAM 90 MCQ AND AR|DREAM 90 PP SUBJECTIVE|DREAM 90 PP MCQ|READ ALL DREAM 90 SOLVED QUESTIONS,ICSE 10
CHEMISTRY,3 (B),ANALYTICAL CHEMISTRY,READ CLASS NOTES|WRITE TEST FOR EVERY ION ONCE|SOLVE BOOK BACK QUESTIONS|SOLVE DREAM 90 LWS|DREAM 90 MCQ AND AR|DREAM 90 PP SUBJECTIVE|DREAM 90 PP MCQ|READ ALL DREAM 90 SOLVED QUESTIONS,ICSE 10
CHEMISTRY,4 (A),MOLE CONCEPT,MAKE FORMULA LIST|SOLVE ALL TEXTBOOK SOLVED EXAMPLES|SOLVE BOOK BACK QUESTIONS|SOLVE DREAM 90 LWS|DREAM 90 MCQ AND AR|DREAM 90 PP SUBJECTIVE|DREAM 90 PP MCQ,ICSE 10
CHEMISTRY,5,ELECTROLYSIS,READ CLASS NOTES|MAKE LIST OF ALL ELECTROLYSIS PROCESS WITH OBSERVATION AT ELECTRODES|SOLVE BOOK BACK QUESTIONS|SOLVE DREAM 90 LWS|DREAM 90 MCQ AND AR|DREAM 90 PP SUBJECTIVE|DREAM 90 PP MCQ,ICSE 10
CHEMISTRY,6,METALLURGY,READ CLASS NOTES|PRACTISE REACTIONS OF BAYERS AND HALLS PROCESS|SOLVE BOOK BACK QUESTIONS|SOLVE DREAM 90 LWS|DREAM 90 MCQ AND AR|DREAM 90 PP SUBJECTIVE|DREAM 90 PP MCQ,ICSE 10
CHEMISTRY,7 (A),HYDROGEN CHLORIDE,READ CLASS NOTES|PRACTISE ALL REACTIONS 3 TIMES|SOLVE BOOK BACK QUESTIONS|SOLVE DREAM 90 LWS|DREAM 90 MCQ AND AR|DREAM 90 PP SUBJECTIVE|DREAM 90 PP MCQ,ICSE 10
CHEMISTRY,7 (B),AMMONIA,READ CLASS NOTES|PRACTISE ALL REACTIONS 3 TIMES|SOLVE BOOK BACK QUESTIONS|SOLVE DREAM 90 LWS|DREAM 90 MCQ AND AR|DREAM 90 PP SUBJECTIVE|DREAM 90 PP MCQ,ICSE 10
CHEMISTRY,7 (C),NITRIC ACID,READ CLASS NOTES|PRACTISE ALL REACTIONS 3 TIMES|SOLVE BOOK BACK QUESTIONS|SOLVE DREAM 90 LWS|DREAM 90 MCQ AND AR|DREAM 90 PP SUBJECTIVE|DREAM 90 PP MCQ,ICSE 10
CHEMISTRY,7 (D),SULPHURIC ACID,READ CLASS NOTES|PRACTISE ALL REACTIONS 3 TIMES|SOLVE BOOK BACK QUESTIONS|SOLVE DREAM 90 LWS|DREAM 90 MCQ AND AR|DREAM 90 PP SUBJECTIVE|DREAM 90 PP MCQ,ICSE 10
CHEMISTRY,8,ORGANIC CHEMISTRY,MAKE LIST OF TRICIAL NAMES 3 TIMES|READ CLASS NOTES|PRACTISE ALL REACTIONS 3 TIMES|SOLVE BOOK BACK QUESTIONS|SOLVE DREAM 90 LWS|DREAM 90 MCQ AND AR|DREAM 90 PP SUBJECTIVE|DREAM 90 PP MCQ,ICSE 10
CHEMISTRY,9,PRACTICAL CHEMISTRY,WRITE  ALL TESTS THREE TIMES|READ CLASS NOTES|SOLVE BOOK BACK QUESTIONS|SOLVE DREAM 90 LWS|DREAM 90 MCQ AND AR|DREAM 90 PP SUBJECTIVE|DREAM 90 PP MCQ|READ ALL DREAM 90 SOLVED QUESTIONS,ICSE 10
MATHS,1,GOODS AND SERVICE TAX,MAKE SUMMARY OF CHAPTER|SOLVED EXAMPLE FROM TEXTBOOK|BOOK BACK QUESTIONS|SOLVE MISCELLENOUS AND BOARD QUESTIONS|SOLVE TEST PAPER 1|SOLVE TEST PAPER 2|SOLVE TEST PAPER 3|SOLVE TEST PAPER 4|SOLVE TEST PAPER 5|DO ALL MCQ AND AR FROM D90|SOLVE MCQ PRACTISE PAPER,ICSE 10
MATHS,2,BANKING,MAKE SUMMARY OF CHAPTER|SOLVED EXAMPLE FROM TEXTBOOK|BOOK BACK QUESTIONS|SOLVE MISCELLENOUS AND BOARD QUESTIONS|SOLVE TEST PAPER 1|SOLVE TEST PAPER 2|SOLVE TEST PAPER 3|SOLVE TEST PAPER 4|SOLVE TEST PAPER 5|DO ALL MCQ AND AR FROM D90|SOLVE MCQ PRACTISE PAPER,ICSE 10
MATHS,3,SHARES AND DIVIDENDS,MAKE SUMMARY OF CHAPTER|SOLVED EXAMPLE FROM TEXTBOOK|BOOK BACK QUESTIONS|SOLVE MISCELLENOUS AND BOARD QUESTIONS|SOLVE TEST PAPER 1|SOLVE TEST PAPER 2|SOLVE TEST PAPER 3|SOLVE TEST PAPER 4|SOLVE TEST PAPER 5|DO ALL MCQ AND AR FROM D90|SOLVE MCQ PRACTISE PAPER,ICSE 10
MATHS,4,LINEAR INEQUALITIES,MAKE SUMMARY OF CHAPTER|SOLVED EXAMPLE FROM TEXTBOOK|BOOK BACK QUESTIONS|SOLVE MISCELLENOUS AND BOARD QUESTIONS|SOLVE TEST PAPER 1|SOLVE TEST PAPER 2|SOLVE TEST PAPER 3|SOLVE TEST PAPER 4|SOLVE TEST PAPER 5|DO ALL MCQ AND AR FROM D90|SOLVE MCQ PRACTISE PAPER,ICSE 10
MATHS,5,QUADRATIC EQUATIONS,MAKE SUMMARY OF CHAPTER|SOLVED EXAMPLE FROM TEXTBOOK|BOOK BACK QUESTIONS|SOLVE MISCELLENOUS AND BOARD QUESTIONS|SOLVE TEST PAPER 1|SOLVE TEST PAPER 2|SOLVE TEST PAPER 3|SOLVE TEST PAPER 4|SOLVE TEST PAPER 5|DO ALL MCQ AND AR FROM D90|SOLVE MCQ PRACTISE PAPER,ICSE 10
MATHS,6,SOLVING PROBLEM QUADRATIC EQUATIONS,MAKE SUMMARY OF CHAPTER|SOLVED EXAMPLE FROM TEXTBOOK|BOOK BACK QUESTIONS|SOLVE MISCELLENOUS AND BOARD QUESTIONS|SOLVE TEST PAPER 1|SOLVE TEST PAPER 2|SOLVE TEST PAPER 3|SOLVE TEST PAPER 4|SOLVE TEST PAPER 5|DO ALL MCQ AND AR FROM D90|SOLVE MCQ PRACTISE PAPER,ICSE 10
MATHS,7,RATIO AND PROPORTION,MAKE SUMMARY OF CHAPTER|SOLVED EXAMPLE FROM TEXTBOOK|BOOK BACK QUESTIONS|SOLVE MISCELLENOUS AND BOARD QUESTIONS|SOLVE TEST PAPER 1|SOLVE TEST PAPER 2|SOLVE TEST PAPER 3|SOLVE TEST PAPER 4|SOLVE TEST PAPER 5|DO ALL MCQ AND AR FROM D90|SOLVE MCQ PRACTISE PAPER,ICSE 10
MATHS,8,REMAINDER AND FACTOR THEOREM (FACTORISATION  OF POLYNOMIAL),MAKE SUMMARY OF CHAPTER|SOLVED EXAMPLE FROM TEXTBOOK|BOOK BACK QUESTIONS|SOLVE MISCELLENOUS AND BOARD QUESTIONS|SOLVE TEST PAPER 1|SOLVE TEST PAPER 2|SOLVE TEST PAPER 3|SOLVE TEST PAPER 4|SOLVE TEST PAPER 5|DO ALL MCQ AND AR FROM D90|SOLVE MCQ PRACTISE PAPER,ICSE 10
MATHS,9,MATRICES,MAKE SUMMARY OF CHAPTER|SOLVED EXAMPLE FROM TEXTBOOK|BOOK BACK QUESTIONS|SOLVE MISCELLENOUS AND BOARD QUESTIONS|SOLVE TEST PAPER 1|SOLVE TEST PAPER 2|SOLVE TEST PAPER 3|SOLVE TEST PAPER 4|SOLVE TEST PAPER 5|DO ALL MCQ AND AR FROM D90|SOLVE MCQ PRACTISE PAPER,ICSE 10
MATHS,10,ARITHMETIC  PROGRESSION,MAKE SUMMARY OF CHAPTER|SOLVED EXAMPLE FROM TEXTBOOK|BOOK BACK QUESTIONS|SOLVE MISCELLENOUS AND BOARD QUESTIONS|SOLVE TEST PAPER 1|SOLVE TEST PAPER 2|SOLVE TEST PAPER 3|SOLVE TEST PAPER 4|SOLVE TEST PAPER 5|DO ALL MCQ AND AR FROM D90|SOLVE MCQ PRACTISE PAPER,ICSE 10
MATHS,11,GEOMETRIC PROGRESSION,MAKE SUMMARY OF CHAPTER|SOLVED EXAMPLE FROM TEXTBOOK|BOOK BACK QUESTIONS|SOLVE MISCELLENOUS AND BOARD QUESTIONS|SOLVE TEST PAPER 1|SOLVE TEST PAPER 2|SOLVE TEST PAPER 3|SOLVE TEST PAPER 4|SOLVE TEST PAPER 5|DO ALL MCQ AND AR FROM D90|SOLVE MCQ PRACTISE PAPER,ICSE 10
MATHS,12,REFLECTION,MAKE SUMMARY OF CHAPTER|SOLVED EXAMPLE FROM TEXTBOOK|BOOK BACK QUESTIONS|SOLVE MISCELLENOUS AND BOARD QUESTIONS|SOLVE TEST PAPER 1|SOLVE TEST PAPER 2|SOLVE TEST PAPER 3|SOLVE TEST PAPER 4|SOLVE TEST PAPER 5|DO ALL MCQ AND AR FROM D90|SOLVE MCQ PRACTISE PAPER,ICSE 10
MATHS,13,SECTION  AND MID POINT FORMULA,MAKE SUMMARY OF CHAPTER|SOLVED EXAMPLE FROM TEXTBOOK|BOOK BACK QUESTIONS|SOLVE MISCELLENOUS AND BOARD QUESTIONS|SOLVE TEST PAPER 1|SOLVE TEST PAPER 2|SOLVE TEST PAPER 3|SOLVE TEST PAPER 4|SOLVE TEST PAPER 5|DO ALL MCQ AND AR FROM D90|SOLVE MCQ PRACTISE PAPER,ICSE 10
MATHS,14,EQUATION OF A STRAIGHT LINE,MAKE SUMMARY OF CHAPTER|SOLVED EXAMPLE FROM TEXTBOOK|BOOK BACK QUESTIONS|SOLVE MISCELLENOUS AND BOARD QUESTIONS|SOLVE TEST PAPER 1|SOLVE TEST PAPER 2|SOLVE TEST PAPER 3|SOLVE TEST PAPER 4|SOLVE TEST PAPER 5|DO ALL MCQ AND AR FROM D90|SOLVE MCQ PRACTISE PAPER,ICSE 10
MATHS,15,SIMILARITY,MAKE SUMMARY OF CHAPTER|SOLVED EXAMPLE FROM TEXTBOOK|BOOK BACK QUESTIONS|SOLVE MISCELLENOUS AND BOARD QUESTIONS|SOLVE TEST PAPER 1|SOLVE TEST PAPER 2|SOLVE TEST PAPER 3|SOLVE TEST PAPER 4|SOLVE TEST PAPER 5|DO ALL MCQ AND AR FROM D90|SOLVE MCQ PRACTISE PAPER,ICSE 10
MATHS,16,LOCUS,MAKE SUMMARY OF CHAPTER|SOLVED EXAMPLE FROM TEXTBOOK|BOOK BACK QUESTIONS|SOLVE MISCELLENOUS AND BOARD QUESTIONS|SOLVE TEST PAPER 1|SOLVE TEST PAPER 2|SOLVE TEST PAPER 3|SOLVE TEST PAPER 4|SOLVE TEST PAPER 5|DO ALL MCQ AND AR FROM D90|SOLVE MCQ PRACTISE PAPER,ICSE 10
MATHS,17,CIRCLES,MAKE SUMMARY OF CHAPTER|SOLVED EXAMPLE FROM TEXTBOOK|BOOK BACK QUESTIONS|SOLVE MISCELLENOUS AND BOARD QUESTIONS|SOLVE TEST PAPER 1|SOLVE TEST PAPER 2|SOLVE TEST PAPER 3|SOLVE TEST PAPER 4|SOLVE TEST PAPER 5|DO ALL MCQ AND AR FROM D90|SOLVE MCQ PRACTISE PAPER,ICSE 10
MATHS,18,CONSTRUCTIONS,SOLVED EXAMPLE FROM TEXTBOOK|BOOK BACK QUESTIONS|SOLVE MISCELLENOUS AND BOARD QUESTIONS|SOLVE TEST PAPER 1|SOLVE TEST PAPER 2|SOLVE TEST PAPER 3|SOLVE TEST PAPER 4|SOLVE TEST PAPER 5|DO ALL MCQ AND AR FROM D90|SOLVE MCQ PRACTISE PAPER,ICSE 10
MATHS,19,MENSURATION,MAKE SUMMARY OF CHAPTER|SOLVED EXAMPLE FROM TEXTBOOK|BOOK BACK QUESTIONS|SOLVE MISCELLENOUS AND BOARD QUESTIONS|SOLVE TEST PAPER 1|SOLVE TEST PAPER 2|SOLVE TEST PAPER 3|SOLVE TEST PAPER 4|SOLVE TEST PAPER 5|DO ALL MCQ AND AR FROM D90|SOLVE MCQ PRACTISE PAPER,ICSE 10
MATHS,20,TRIGONOMETRY IDENTITIES,MAKE SUMMARY OF CHAPTER|SOLVED EXAMPLE FROM TEXTBOOK|BOOK BACK QUESTIONS|SOLVE MISCELLENOUS AND BOARD QUESTIONS|SOLVE TEST PAPER 1|SOLVE TEST PAPER 2|SOLVE TEST PAPER 3|SOLVE TEST PAPER 4|SOLVE TEST PAPER 5|DO ALL MCQ AND AR FROM D90|SOLVE MCQ PRACTISE PAPER,ICSE 10
MATHS,21,HIGHT & DISTANCE,MAKE SUMMARY OF CHAPTER|SOLVED EXAMPLE FROM TEXTBOOK|BOOK BACK QUESTIONS|SOLVE MISCELLENOUS AND BOARD QUESTIONS|SOLVE TEST PAPER 1|SOLVE TEST PAPER 2|SOLVE TEST PAPER 3|SOLVE TEST PAPER 4|SOLVE TEST PAPER 5|DO ALL MCQ AND AR FROM D90|SOLVE MCQ PRACTISE PAPER,ICSE 10
MATHS,22,GRAPHICAL REPRESENTATION,MAKE SUMMARY OF CHAPTER|SOLVED EXAMPLE FROM TEXTBOOK|BOOK BACK QUESTIONS|SOLVE MISCELLENOUS AND BOARD QUESTIONS|SOLVE TEST PAPER 1|SOLVE TEST PAPER 2|SOLVE TEST PAPER 3|SOLVE TEST PAPER 4|SOLVE TEST PAPER 5|DO ALL MCQ AND AR FROM D90|SOLVE MCQ PRACTISE PAPER,ICSE 10
MATHS,23,PROBABILITY,MAKE SUMMARY OF CHAPTER|SOLVED EXAMPLE FROM TEXTBOOK|BOOK BACK QUESTIONS|SOLVE MISCELLENOUS AND BOARD QUESTIONS|SOLVE TEST PAPER 1|SOLVE TEST PAPER 2|SOLVE TEST PAPER 3|SOLVE TEST PAPER 4|SOLVE TEST PAPER 5|DO ALL MCQ AND AR FROM D90|SOLVE MCQ PRACTISE PAPER,ICSE 10
BIOLOGY,2,"STRUCTURE OF CHROMOSOMES,CELL CYCLE AND CELL DIVISION","textbook theory reading|revision (shortcut notes)|DIAGRAM PRACTICE|TEXTBOOK QUESTIONS|DREAM 90 LWS|DREAM 90 MCQ'S, A&R, OBJECTIVES|PYQ - OBJECTIVE & SUBJECTIVE|DREAM 90 - SA - 20 MKS|RECTIFY MISTAKES & FINAL REVISION",ICSE 10
BIOLOGY,3,GENETICS,"CLASS NOTES|REVISE DEFINITIONS|Practice Monohybrid & dihybrid cross|PRACTICE WORD PROBLEMS (sex linked inheritence)|DREAM 90 LWS|DREAM 90 MCQ'S, A&R, OBJECTIVES|PYQ - OBJECTIVE & SUBJECTIVE|DREAM 90 - SA - 20 MKS|RECTIFY MISTAKES & FINAL REVISION",ICSE 10
BIOLOGY,4,ABSORPTION BY ROOTS,"textbook theory reading|revision (shortcut notes)|SOLVE GIVE REASONS|TEXTBOOK QUESTIONS|DREAM 90 LWS|DREAM 90 MCQ'S, A&R, OBJECTIVES|PYQ - OBJECTIVE & SUBJECTIVE|DREAM 90 - SA - 20 MKS|RECTIFY MISTAKES & FINAL REVISION",ICSE 10
BIOLOGY,5,TRANSPIRATION,"textbook theory reading|REVISE EXPERIMENTS|DIAGRAM PRACTICE|TEXTBOOK QUESTIONS|DREAM 90 LWS|DREAM 90 MCQ'S, A&R, OBJECTIVES|PYQ - OBJECTIVE & SUBJECTIVE|DREAM 90 - SA - 20 MKS|RECTIFY MISTAKES & FINAL REVISION",ICSE 10
BIOLOGY,6,PHOTOSYNTHESIS,"textbook theory reading|REVISE EXPERIMENTS|DIAGRAM PRACTICE|TEXTBOOK QUESTIONS|DREAM 90 LWS|DREAM 90 MCQ'S, A&R, OBJECTIVES|PYQ - OBJECTIVE & SUBJECTIVE|DREAM 90 - SA - 20 MKS|RECTIFY MISTAKES & FINAL REVISION",ICSE 10
BIOLOGY,7,CHEMICAL COORDINATION IN PLANTS,"textbook theory reading|Revise activities|revise textbook markings|TEXTBOOK QUESTIONS|DREAM 90 LWS|DREAM 90 MCQ'S, A&R, OBJECTIVES|PYQ - OBJECTIVE & SUBJECTIVE|DREAM 90 - SA - 20 MKS|RECTIFY MISTAKES & FINAL REVISION",ICSE 10
BIOLOGY,8,THE CIRCULATORY SYSTEM,"textbook theory reading|revision (shortcut notes)|DIAGRAM PRACTICE|TEXTBOOK QUESTIONS|DREAM 90 LWS|DREAM 90 MCQ'S, A&R, OBJECTIVES|PYQ - OBJECTIVE & SUBJECTIVE|DREAM 90 - SA - 20 MKS|RECTIFY MISTAKES & FINAL REVISION",ICSE 10
BIOLOGY,9,THE EXCRETORY SYSTEM,"textbook theory reading|REVISE CLASS NOTES|DIAGRAM PRACTICE|TEXTBOOK QUESTIONS|DREAM 90 LWS|DREAM 90 MCQ'S, A&R, OBJECTIVES|PYQ - OBJECTIVE & SUBJECTIVE|DREAM 90 - SA - 20 MKS|RECTIFY MISTAKES & FINAL REVISION",ICSE 10
BIOLOGY,10,THE NERVOUS SYSTEM,"textbook theory reading|Textbook markings|DIAGRAM PRACTICE|TEXTBOOK QUESTIONS|DREAM 90 LWS|DREAM 90 MCQ'S, A&R, OBJECTIVES|PYQ - OBJECTIVE & SUBJECTIVE|DREAM 90 - SA - 20 MKS|RECTIFY MISTAKES & FINAL REVISION",ICSE 10
BIOLOGY,11,SENSE ORGANS,"textbook theory reading|revision (shortcut notes)|DIAGRAM PRACTICE|TEXTBOOK QUESTIONS|DREAM 90 LWS|DREAM 90 MCQ'S, A&R, OBJECTIVES|PYQ - OBJECTIVE & SUBJECTIVE|DREAM 90 - SA - 20 MKS|RECTIFY MISTAKES & FINAL REVISION",ICSE 10
BIOLOGY,12,THE ENDOCRINE SYSTEM,"textbook theory reading|revision (shortcut notes)|revise textbook markings|TEXTBOOK QUESTIONS|DREAM 90 LWS|DREAM 90 MCQ'S, A&R, OBJECTIVES|PYQ - OBJECTIVE & SUBJECTIVE|DREAM 90 - SA - 20 MKS|RECTIFY MISTAKES & FINAL REVISION",ICSE 10
BIOLOGY,13,THE REPRODUCTIVITY SYSTEM,"textbook theory reading|revise textbook markings|Diagrams & process practice|TEXTBOOK QUESTIONS|DREAM 90 LWS|DREAM 90 MCQ'S, A&R, OBJECTIVES|PYQ - OBJECTIVE & SUBJECTIVE|DREAM 90 - SA - 20 MKS|RECTIFY MISTAKES & FINAL REVISION",ICSE 10
BIOLOGY,14,HUMAN EVOLUTION,"textbook theory reading|revise textbook markings|SOLVE PYQ|TEXTBOOK QUESTIONS|DREAM 90 LWS|DREAM 90 MCQ'S, A&R, OBJECTIVES|PYQ - OBJECTIVE & SUBJECTIVE|DREAM 90 - SA - 20 MKS|RECTIFY MISTAKES & FINAL REVISION",ICSE 10
BIOLOGY,15,POPULATION- THE INCREASING NUMBERS & RISING PROBLEMS,"textbook theory reading|revise textbook markings|SOLVE PYQ|TEXTBOOK QUESTIONS|DREAM 90 LWS|DREAM 90 MCQ'S, A&R, OBJECTIVES|PYQ - OBJECTIVE & SUBJECTIVE|DREAM 90 - SA - 20 MKS|RECTIFY MISTAKES & FINAL REVISION",ICSE 10
BIOLOGY,16,POLLUTION - A RISING ENVIRONMENTAL PROBLEM,"textbook theory reading|revise textbook markings|SOLVE PYQ|TEXTBOOK QUESTIONS|DREAM 90 LWS|DREAM 90 MCQ'S, A&R, OBJECTIVES|PYQ - OBJECTIVE & SUBJECTIVE|DREAM 90 - SA - 20 MKS|RECTIFY MISTAKES & FINAL REVISION",ICSE 10
LANGUAGE,1,EMAIL & NOTICE WRITING,Write down Board Approved Format|Write down 2 Specimens and get it checked|Write 5 topics from Dream 90 to build confidence|Solve the questions from Board Papers|Solve similar questions from Total English|Solve all worksheets given by teacher,ICSE 10
LANGUAGE,2,FORMAL & INFORMAL LETTER WRITING,Write down Board Approved Format|Write down 2 Specimens and get it checked|Write 5 topics from Dream 90 to build confidence|Solve the questions from Board Papers|Solve similar questions from Total English|Solve all worksheets given by teacher,ICSE 10
LANGUAGE,3,SUBJECT VERB,Understand the topic in class|Solve worksheets given by the teacher on the topic|Solve questions from Dream 90|Solve similar questions from Board Papers|Solve similar questions from Total English|Solve a mixed bag question set from Prelim Papers,ICSE 10
LANGUAGE,4,PREPOSITION,Understand the topic in class|Solve worksheets given by the teacher on the topic|Solve questions from Dream 90|Solve similar questions from Board Papers|Solve similar questions from Total English|Solve a mixed bag question set from Prelim Papers,ICSE 10
LANGUAGE,5,SYNTHESIS,Understand the topic in class|Solve worksheets given by the teacher on the topic|Solve questions from Dream 90|Solve similar questions from Board Papers|Solve similar questions from Total English|Solve a mixed bag question set from Prelim Papers,ICSE 10
LANGUAGE,6,TRANSFORMATION OF SENTENCES,Understand the topic in class|Solve worksheets given by the teacher on the topic|Solve questions from Dream 90|Solve similar questions from Board Papers|Solve similar questions from Total English|Solve a mixed bag question set from Prelim Papers,ICSE 10
LANGUAGE,7,COMPREHENSION,Understand the topic in class|Solve worksheets given by the teacher on the topic|Solve questions from Dream 90|Solve similar questions from Board Papers|Solve similar questions from Total English|Solve a mixed bag question set from Prelim Papers,ICSE 10
LANGUAGE,8,DEGREES  OF COMPARISON,Understand the topic in class|Solve worksheets given by the teacher on the topic|Solve questions from Dream 90|Solve similar questions from Board Papers|Solve similar questions from Total English|Solve a mixed bag question set from Prelim Papers,ICSE 10
LANGUAGE,9,STORY WRITING,Write down Board Approved Format|Write down 2 Specimens and get it checked|Solve topics from Dream 90|Solve similar questions from Board Papers|Solve similar questions from Total English|Solve Questions from Prelim Papers,ICSE 10
LANGUAGE,10,ARGUMENTATIVE ESSAY,Write down Board Approved Format|Write down 2 Specimens and get it checked|Solve topics from Dream 90|Solve similar questions from Board Papers|Solve similar questions from Total English|Solve Questions from Prelim Papers,ICSE 10
LANGUAGE,11,DESCRIPTIVE ESSAY,Write down Board Approved Format|Write down 2 Specimens and get it checked|Solve topics from Dream 90|Solve similar questions from Board Papers|Solve similar questions from Total English|Solve Questions from Prelim Papers,ICSE 10
LANGUAGE,12,NARRATIVE ESSAY,Write down Board Approved Format|Write down 2 Specimens and get it checked|Solve topics from Dream 90|Solve similar questions from Board Papers|Solve similar questions from Total English|Solve Questions from Prelim Papers,ICSE 10
LANGUAGE,13,PICTURE COMPOSTION,Write down Board Approved Format|Write down 2 Specimens and get it checked|Solve topics from Dream 90|Solve similar questions from Board Papers|Solve similar questions from Total English|Solve Questions from Prelim Papers,ICSE 10
LANGUAGE,14,ARTICLES,Understand the topic in class|Solve worksheets given by the teacher on the topic|Solve questions from Dream 90|Solve similar questions from Board Papers|Solve similar questions from Total English|Solve Questions from Prelim Papers,ICSE 10
LANGUAGE,15,TENSES,Understand the topic in class|Solve worksheets given by the teacher on the topic|Solve questions from Dream 90|Solve similar questions from Board Papers|Solve similar questions from Total English|Solve Questions from Prelim Papers,ICSE 10
LANGUAGE,16,GRID WRITNG,Understand the topic in class|Solve worksheets given by the teacher on the topic|Solve questions from Dream 90|Solve similar questions from Board Papers|Solve similar questions from Total English|Solve Questions from Prelim Papers,ICSE 10
HISTORY,1,"THE FIRST WAR IF INDEPENDENCE,1857",TEXTBOOK READING|TEXTUAL QUESTION|DREAM 90 MCQ|DREAM 90 2 MARK QUESTION|DREAM 90 SOLVE 10 MARK BRIEF QUESTION|DREAK 90 LW|DREAM 90 TEST PAPER,ICSE 10
HISTORY,2,GROWTH OF NATIONALISM,TEXTBOOK READING|TEXTUAL QUESTION|DREAM 90 MCQ|DREAM 90 2 MARK QUESTION|DREAM 90 SOLVE 10 MARK BRIEF QUESTION|DREAK 90 LW|DREAM 90 TEST PAPER,ICSE 10
HISTORY,3,FIRST PHASE OF THE INDIAN NATIONAL MOVEMENT,TEXTBOOK READING|TEXTUAL QUESTION|DREAM 90 MCQ|DREAM 90 2 MARK QUESTION|DREAM 90 SOLVE 10 MARK BRIEF QUESTION|DREAK 90 LW|DREAM 90 TEST PAPER,ICSE 10
HISTORY,4,SECOND PHASE OF THE INDIAN NATIONAL MOVEMENT,TEXTBOOK READING|TEXTUAL QUESTION|DREAM 90 MCQ|DREAM 90 2 MARK QUESTION|DREAM 90 SOLVE 10 MARK BRIEF QUESTION|DREAK 90 LW|DREAM 90 TEST PAPER,ICSE 10
HISTORY,5,THE MUSLIM LEAGUE,TEXTBOOK READING|TEXTUAL QUESTION|DREAM 90 MCQ|DREAM 90 2 MARK QUESTION|DREAM 90 SOLVE 10 MARK BRIEF QUESTION|DREAK 90 LW|DREAM 90 TEST PAPER,ICSE 10
HISTORY,6,MAHATMA GANDHI,TEXTBOOK READING|TEXTUAL QUESTION|DREAM 90 MCQ|DREAM 90 2 MARK QUESTION|DREAM 90 SOLVE 10 MARK BRIEF QUESTION|DREAK 90 LW|DREAM 90 TEST PAPER,ICSE 10
HISTORY,7,QUIT INDIA MOVEMENT,TEXTBOOK READING|TEXTUAL QUESTION|DREAM 90 MCQ|DREAM 90 2 MARK QUESTION|DREAM 90 SOLVE 10 MARK BRIEF QUESTION|DREAK 90 LW|DREAM 90 TEST PAPER,ICSE 10
HISTORY,8,FORWARD BLOC AND THE INA,TEXTBOOK READING|TEXTUAL QUESTION|DREAM 90 MCQ|DREAM 90 2 MARK QUESTION|DREAM 90 SOLVE 10 MARK BRIEF QUESTION|DREAK 90 LW|DREAM 90 TEST PAPER,ICSE 10
HISTORY,9,INDEPENDENCE AND PARTITION OF INDIA,TEXTBOOK READING|TEXTUAL QUESTION|DREAM 90 MCQ|DREAM 90 2 MARK QUESTION|DREAM 90 SOLVE 10 MARK BRIEF QUESTION|DREAK 90 LW|DREAM 90 TEST PAPER,ICSE 10
HISTORY,10,THE FIRST WORLD WAR,TEXTBOOK READING|TEXTUAL QUESTION|DREAM 90 MCQ|DREAM 90 2 MARK QUESTION|DREAM 90 SOLVE 10 MARK BRIEF QUESTION|DREAK 90 LW|DREAM 90 TEST PAPER,ICSE 10
HISTORY,11,RISE OF DICTATORSHIP,TEXTBOOK READING|TEXTUAL QUESTION|DREAM 90 MCQ|DREAM 90 2 MARK QUESTION|DREAM 90 SOLVE 10 MARK BRIEF QUESTION|DREAK 90 LW|DREAM 90 TEST PAPER,ICSE 10
HISTORY,12,THE SECOND WORLD WAR,TEXTBOOK READING|TEXTUAL QUESTION|DREAM 90 MCQ|DREAM 90 2 MARK QUESTION|DREAM 90 SOLVE 10 MARK BRIEF QUESTION|DREAK 90 LW|DREAM 90 TEST PAPER,ICSE 10
HISTORY,13,UNITED NATIONS,TEXTBOOK READING|TEXTUAL QUESTION|DREAM 90 MCQ|DREAM 90 2 MARK QUESTION|DREAM 90 SOLVE 10 MARK BRIEF QUESTION|DREAK 90 LW|DREAM 90 TEST PAPER,ICSE 10
HISTORY,14,MAJOR AGENCIES OF THE UNITED NATIONS,TEXTBOOK READING|TEXTUAL QUESTION|DREAM 90 MCQ|DREAM 90 2 MARK QUESTION|DREAM 90 SOLVE 10 MARK BRIEF QUESTION|DREAK 90 LW|DREAM 90 TEST PAPER,ICSE 10
HISTORY,15,NON-ALIGNED MOVEMENT,TEXTBOOK READING|TEXTUAL QUESTION|DREAM 90 MCQ|DREAM 90 2 MARK QUESTION|DREAM 90 SOLVE 10 MARK BRIEF QUESTION|DREAK 90 LW|DREAM 90 TEST PAPER,ICSE 10
CIVICS,1,THE UNION PARLIAMENT,TEXTBOOK READING|TEXTUAL QUESTION|DREAM 90 MCQ|DREAM 90 2 MARK QUESTION|DREAM 90 SOLVE 10 MARK BRIEF QUESTION|DREAK 90 LW|DREAM 90 TEST PAPER,ICSE 10
CIVICS,2,THE PRESIDENT AND VICE PRESIDENT,TEXTBOOK READING|TEXTUAL QUESTION|DREAM 90 MCQ|DREAM 90 2 MARK QUESTION|DREAM 90 SOLVE 10 MARK BRIEF QUESTION|DREAK 90 LW|DREAM 90 TEST PAPER,ICSE 10
CIVICS,3,PRIME MINISTER AND COUNCIL OF MINISTERS,TEXTBOOK READING|TEXTUAL QUESTION|DREAM 90 MCQ|DREAM 90 2 MARK QUESTION|DREAM 90 SOLVE 10 MARK BRIEF QUESTION|DREAK 90 LW|DREAM 90 TEST PAPER,ICSE 10
CIVICS,4,THE SUPREME COURT,TEXTBOOK READING|TEXTUAL QUESTION|DREAM 90 MCQ|DREAM 90 2 MARK QUESTION|DREAM 90 SOLVE 10 MARK BRIEF QUESTION|DREAK 90 LW|DREAM 90 TEST PAPER,ICSE 10
CIVICS,5,THE HIGH COURTS AND SUBORDINATE COURTS,TEXTBOOK READING|TEXTUAL QUESTION|DREAM 90 MCQ|DREAM 90 2 MARK QUESTION|DREAM 90 SOLVE 10 MARK BRIEF QUESTION|DREAK 90 LW|DREAM 90 TEST PAPER,ICSE 10
GEOGRAPHY,1,INTERPRETATION OF TOPOGRAPHICAL MAPS,ONLY PRACTISE|ONLY PRACTISE|ONLY PRACTISE|ONLY PRACTISE|ONLY PRACTISE|ONLY PRACTISE|ONLY PRACTISE,ICSE 10
GEOGRAPHY,2,MAP OF INDIA,ONLY PRACTISE|ONLY PRACTISE|ONLY PRACTISE|ONLY PRACTISE|ONLY PRACTISE|ONLY PRACTISE|ONLY PRACTISE,ICSE 10
GEOGRAPHY,3,CLIMATE,TEXTBOOK READING|TEXTUAL QUESTION|DREAM 90 GIVE REAOSNS + MCQ|DREAM 90 ALL REMAINING QUESTIONS|DREAK 90 LW|DREAM 90 TEST PAPER|PY QUESTIONS,ICSE 10
GEOGRAPHY,4,SOIL RESOURCES,TEXTBOOK READING|TEXTUAL QUESTION|DREAM 90 GIVE REAOSNS + MCQ|DREAM 90 ALL REMAINING QUESTIONS|DREAK 90 LW|DREAM 90 TEST PAPER|PY QUESTIONS,ICSE 10
GEOGRAPHY,5,NATURAL VEGETATION,TEXTBOOK READING|TEXTUAL QUESTION|DREAM 90 GIVE REAOSNS + MCQ|DREAM 90 ALL REMAINING QUESTIONS|DREAK 90 LW|DREAM 90 TEST PAPER|PY QUESTIONS,ICSE 10
GEOGRAPHY,6,WATER RESOURCES,TEXTBOOK READING|TEXTUAL QUESTION|DREAM 90 GIVE REAOSNS + MCQ|DREAM 90 ALL REMAINING QUESTIONS|DREAK 90 LW|DREAM 90 TEST PAPER|PY QUESTIONS,ICSE 10
GEOGRAPHY,7,MINERAL RESOURCES,TEXTBOOK READING|TEXTUAL QUESTION|DREAM 90 GIVE REAOSNS + MCQ|DREAM 90 ALL REMAINING QUESTIONS|DREAK 90 LW|DREAM 90 TEST PAPER|PY QUESTIONS,ICSE 10
GEOGRAPHY,8,CONVENTIONAL SOURCES OF ENERGY,TEXTBOOK READING|TEXTUAL QUESTION|DREAM 90 GIVE REAOSNS + MCQ|DREAM 90 ALL REMAINING QUESTIONS|DREAK 90 LW|DREAM 90 TEST PAPER|PY QUESTIONS,ICSE 10
GEOGRAPHY,9,NON-CONVENTIONAL SOURCES OF ENERGY,TEXTBOOK READING|TEXTUAL QUESTION|DREAM 90 GIVE REAOSNS + MCQ|DREAM 90 ALL REMAINING QUESTIONS|DREAK 90 LW|DREAM 90 TEST PAPER|PY QUESTIONS,ICSE 10
GEOGRAPHY,10,AGRICULTURE-I,TEXTBOOK READING|TEXTUAL QUESTION|DREAM 90 GIVE REAOSNS + MCQ|DREAM 90 ALL REMAINING QUESTIONS|DREAK 90 LW|DREAM 90 TEST PAPER|PY QUESTIONS,ICSE 10
GEOGRAPHY,11,AGRICULTURE-II : FOOD CROPS,TEXTBOOK READING|TEXTUAL QUESTION|DREAM 90 GIVE REAOSNS + MCQ|DREAM 90 ALL REMAINING QUESTIONS|DREAK 90 LW|DREAM 90 TEST PAPER|PY QUESTIONS,ICSE 10
GEOGRAPHY,12,AGRICULTURE-III : CASH CROPS (1),TEXTBOOK READING|TEXTUAL QUESTION|DREAM 90 GIVE REAOSNS + MCQ|DREAM 90 ALL REMAINING QUESTIONS|DREAK 90 LW|DREAM 90 TEST PAPER|PY QUESTIONS,ICSE 10
GEOGRAPHY,13,AGRICULTURE-IV : CASH CROPS (2),TEXTBOOK READING|TEXTUAL QUESTION|DREAM 90 GIVE REAOSNS + MCQ|DREAM 90 ALL REMAINING QUESTIONS|DREAK 90 LW|DREAM 90 TEST PAPER|PY QUESTIONS,ICSE 10
GEOGRAPHY,14,MANUFACTURING INDUSTRIES AGRO- BASED,TEXTBOOK READING|TEXTUAL QUESTION|DREAM 90 GIVE REAOSNS + MCQ|DREAM 90 ALL REMAINING QUESTIONS|DREAK 90 LW|DREAM 90 TEST PAPER|PY QUESTIONS,ICSE 10
GEOGRAPHY,15,MINERAL BASED INDUSTRY,TEXTBOOK READING|TEXTUAL QUESTION|DREAM 90 GIVE REAOSNS + MCQ|DREAM 90 ALL REMAINING QUESTIONS|DREAK 90 LW|DREAM 90 TEST PAPER|PY QUESTIONS,ICSE 10
GEOGRAPHY,16,TRANSPORT,TEXTBOOK READING|TEXTUAL QUESTION|DREAM 90 GIVE REAOSNS + MCQ|DREAM 90 ALL REMAINING QUESTIONS|DREAK 90 LW|DREAM 90 TEST PAPER|PY QUESTIONS,ICSE 10
GEOGRAPHY,17,IMPACT OF WASTE ACCUMULATION,TEXTBOOK READING|TEXTUAL QUESTION|DREAM 90 GIVE REAOSNS + MCQ|DREAM 90 ALL REMAINING QUESTIONS|DREAK 90 LW|DREAM 90 TEST PAPER|PY QUESTIONS,ICSE 10
GEOGRAPHY,18,NEED FOR WASTE MANAGEMENT,TEXTBOOK READING|TEXTUAL QUESTION|DREAM 90 GIVE REAOSNS + MCQ|DREAM 90 ALL REMAINING QUESTIONS|DREAK 90 LW|DREAM 90 TEST PAPER|PY QUESTIONS,ICSE 10
CS,1,STAKEHOLDERS IN COMMERCIAL ORGANISATIONS,Read textbook markings|Revision for weekly test|Revision for Class Prelim|Revision for School test,ICSE 10
CS,2,MARKETING AND SALES,Read textbook markings|Revision for weekly test|Revision for Class Prelim|Revision for School test,ICSE 10
CS,3,ADVERTISING AND SALES PROMOTION,Read textbook markings|Revision for weekly test|Revision for Class Prelim|Revision for School test,ICSE 10
CS,4,CONSUMER PROTECTION,Read textbook markings|Revision for weekly test|Revision for Class Prelim|Revision for School test,ICSE 10
CS,5,E-COMMERCE,Read textbook markings|Revision for weekly test|Revision for Class Prelim|Revision for School test,ICSE 10
CS,6,CAPITAL AND REVENUE EXPENDITURE&INCOME,Read textbook markings|Revision for weekly test|Revision for Class Prelim|Revision for School test,ICSE 10
CS,7,FINAL ACCOUNTS OF SOLE PROPRIETORSHIP,Solve Classwork questions|Solve Homework questions|Solve Extra questions|Revisit all the questions covered earlier,ICSE 10
CS,8,FUNDAMENTAL CONCEPTS OF COST,Read textbook markings|Revision for weekly test|Revision for Class Prelim|Revision for School test,ICSE 10
CS,9,BUDGETING,Read textbook markings|Revision for weekly test|Revision for Class Prelim|Revision for School test,ICSE 10
CS,10,SOURCES OF FINANCE,Read textbook markings|Revision for weekly test|Revision for Class Prelim|Revision for School test,ICSE 10
CS,11,RECRUITMENT SELECTION AND TRAINING,Read textbook markings|Revision for weekly test|Revision for Class Prelim|Revision for School test,ICSE 10
CS,12,"INDUSTRIAL RELATIONS, TRADE UNIONS AND SOCIAL SECURITY",Read textbook markings|Revision for weekly test|Revision for Class Prelim|Revision for School test,ICSE 10
CS,13,LOGISTICS AND INSURANCE,Read textbook markings|Revision for weekly test|Revision for Class Prelim|Revision for School test,ICSE 10
CS,14,BANKING,Read textbook markings|Revision for weekly test|Revision for Class Prelim|Revision for School test,ICSE 10
CS,15,STRIVING FOR BETTER ENVIRONMENT,Read textbook markings|Revision for weekly test|Revision for Class Prelim|Revision for School test,ICSE 10
ECONOMIC,1,FACTORS OF PRODUCTION,TEXTBOOK READING|Refer to the Notes Given during the lectures|Solve MCQ & Questions Given In Text Book|Study all the questions for the chapter|SOLVE WORKSHEET GIVEN IN CLASS|Revise the chapter and provide orals to Parents,ICSE 10
ECONOMIC,2,ELEMENTARY THEORY OF DEMAND,TEXTBOOK READING|Refer to the Notes Given during the lectures|Solve MCQ & Questions Given In Text Book|Study all the questions for the chapter|SOLVE WORKSHEET GIVEN IN CLASS|Revise the chapter and provide orals to Parents,ICSE 10
ECONOMIC,3,ELASTICITY OF DEMAND,TEXTBOOK READING|Refer to the Notes Given during the lectures|Solve MCQ & Questions Given In Text Book|Study all the questions for the chapter|SOLVE WORKSHEET GIVEN IN CLASS|Revise the chapter and provide orals to Parents,ICSE 10
ECONOMIC,4,THEORY OF SUPPLY,TEXTBOOK READING|Refer to the Notes Given during the lectures|Solve MCQ & Questions Given In Text Book|Study all the questions for the chapter|SOLVE WORKSHEET GIVEN IN CLASS|Revise the chapter and provide orals to Parents,ICSE 10
ECONOMIC,5,MEANING AND TYPES OF MARKET,TEXTBOOK READING|Refer to the Notes Given during the lectures|Solve MCQ & Questions Given In Text Book|Study all the questions for the chapter|SOLVE WORKSHEET GIVEN IN CLASS|Revise the chapter and provide orals to Parents,ICSE 10
ECONOMIC,6,MEANING AND FUNCTION OF MONEY,TEXTBOOK READING|Refer to the Notes Given during the lectures|Solve MCQ & Questions Given In Text Book|Study all the questions for the chapter|SOLVE WORKSHEET GIVEN IN CLASS|Revise the chapter and provide orals to Parents,ICSE 10
ECONOMIC,7,COMMERCIAL BANK,TEXTBOOK READING|Refer to the Notes Given during the lectures|Solve MCQ & Questions Given In Text Book|Study all the questions for the chapter|SOLVE WORKSHEET GIVEN IN CLASS|Revise the chapter and provide orals to Parents,ICSE 10
ECONOMIC,8,CENTRAL BANK,TEXTBOOK READING|Refer to the Notes Given during the lectures|Solve MCQ & Questions Given In Text Book|Study all the questions for the chapter|SOLVE WORKSHEET GIVEN IN CLASS|Revise the chapter and provide orals to Parents,ICSE 10
ECONOMIC,9,INTRODUCTION TO PUBLIC FINANCE,TEXTBOOK READING|Refer to the Notes Given during the lectures|Solve MCQ & Questions Given In Text Book|Study all the questions for the chapter|SOLVE WORKSHEET GIVEN IN CLASS|Revise the chapter and provide orals to Parents,ICSE 10
ECONOMIC,10,PUBLIC REVENUE,TEXTBOOK READING|Refer to the Notes Given during the lectures|Solve MCQ & Questions Given In Text Book|Study all the questions for the chapter|SOLVE WORKSHEET GIVEN IN CLASS|Revise the chapter and provide orals to Parents,ICSE 10
ECONOMIC,11,PUBLIC EXPENDITURE,TEXTBOOK READING|Refer to the Notes Given during the lectures|Solve MCQ & Questions Given In Text Book|Study all the questions for the chapter|SOLVE WORKSHEET GIVEN IN CLASS|Revise the chapter and provide orals to Parents,ICSE 10
ECONOMIC,12,PUBLIC DEBT,TEXTBOOK READING|Refer to the Notes Given during the lectures|Solve MCQ & Questions Given In Text Book|Study all the questions for the chapter|SOLVE WORKSHEET GIVEN IN CLASS|Revise the chapter and provide orals to Parents,ICSE 10
ECONOMIC,13,INFLATION,TEXTBOOK READING|Refer to the Notes Given during the lectures|Solve MCQ & Questions Given In Text Book|Study all the questions for the chapter|SOLVE WORKSHEET GIVEN IN CLASS|Revise the chapter and provide orals to Parents,ICSE 10
ECONOMIC,14,CONSUMER AWARENESS,TEXTBOOK READING|Refer to the Notes Given during the lectures|Solve MCQ & Questions Given In Text Book|Study all the questions for the chapter|SOLVE WORKSHEET GIVEN IN CLASS|Revise the chapter and provide orals to Parents,ICSE 10
